scaffold,start,end,mid,sites,sitesUsed,ABBA,BABA,D,fd,fdM
Hmel215003o,1,50000,25362,48742,2149,28.5214,36.5718,-0.1237,-0.0251,-0.0173
Hmel215003o,25001,75000,49999,49974,3171,29.8237,39.6529,-0.1415,-0.0222,-0.0156
Hmel215003o,50001,100000,74134,46910,2299,14.8497,23.2941,-0.2214,-0.0237,-0.0166
Hmel215003o,75001,125000,100537,46372,1799,9.3855,14.3491,-0.2091,-0.0142,-0.0105
Hmel215003o,100001,150000,125061,49437,2570,15.7792,14.8344,0.0309,0.002,0.0014
Hmel215003o,125001,175000,149996,49978,2759,19.5,41.9135,-0.365,-0.0458,-0.0291
Hmel215003o,150001,200000,175002,49979,2675,13.3896,40.5177,-0.5032,-0.0615,-0.04
Hmel215003o,175001,225000,199984,49895,2856,24.9672,35.5547,-0.1749,-0.0241,-0.016
Hmel215003o,200001,250000,225023,49849,3594,61.3533,63.8068,-0.0196,-0.0062,-0.0036
Hmel215003o,225001,275000,250015,49950,3998,96.4172,49.8912,0.318,0.1786,0.0834
Hmel215003o,250001,300000,275000,49997,3888,101.9073,40.8983,0.4272,0.2676,0.1167
Hmel215003o,275001,325000,299998,49987,3508,60.9607,33.8426,0.286,0.1047,0.0586
Hmel215003o,300001,350000,325001,49988,3406,52.2843,34.6589,0.2027,0.0578,0.0366
Hmel215003o,325001,375000,350001,49997,4097,83.7931,50.1372,0.2513,0.0883,0.0534
Hmel215003o,350001,400000,374667,48570,4127,122.3575,51.5474,0.4072,0.1624,0.1027
Hmel215003o,375001,425000,400336,48432,3930,135.3,54.0657,0.429,0.1948,0.1188
Hmel215003o,400001,450000,424993,49610,3880,163.7695,47.4577,0.5506,0.3012,0.1763
Hmel215003o,425001,475000,450114,49631,4169,212.6293,55.4033,0.5866,0.3043,0.1988
Hmel215003o,450001,500000,474571,48821,4382,160.9385,84.8868,0.3094,0.1377,0.0891
Hmel215003o,475001,525000,500053,48876,4392,102.4575,95.0207,0.0377,0.0173,0.0099
Hmel215003o,500001,550000,525031,49932,3962,86.0947,73.8333,0.0767,0.0358,0.0193
Hmel215003o,525001,575000,550003,49995,3573,95.9588,66.0008,0.185,0.0847,0.0504
Hmel215003o,550001,600000,575000,49988,3556,105.0601,128.9146,-0.102,-0.0631,-0.0343
Hmel215003o,575001,625000,600004,49982,3433,79.9048,172.7819,-0.3676,-0.277,-0.1284
Hmel215003o,600001,650000,624994,49964,3652,59.5596,94.7135,-0.2279,-0.0865,-0.0526
Hmel215003o,625001,675000,648662,46668,3411,83.6395,31.4752,0.4532,0.1292,0.0936
Hmel215003o,650001,700000,674594,44403,2573,121.1503,24.8593,0.6595,0.3185,0.2128
Hmel215003o,675001,725000,700373,46245,2779,120.8146,20.4736,0.7102,0.3303,0.2051
Hmel215003o,700001,750000,725562,48042,3574,96.1826,40.3135,0.4093,0.2065,0.1159
Hmel215003o,725001,775000,750095,49465,3378,59.3711,36.3231,0.2408,0.1301,0.0711
Hmel215003o,750001,800000,774993,49919,3573,73.9438,43.4279,0.26,0.1425,0.0748
Hmel215003o,775001,825000,799985,49768,3814,91.7698,61.6056,0.1967,0.1145,0.0589
Hmel215003o,800001,850000,825069,49767,3813,98.556,57.2057,0.2655,0.1499,0.0808
Hmel215003o,825001,875000,850011,49919,3911,131.0845,57.2654,0.3919,0.2116,0.121
Hmel215003o,850001,900000,875002,49923,3893,130.923,57.8404,0.3872,0.2201,0.1226
Hmel215003o,875001,925000,899611,48894,3907,107.3743,58.2684,0.2965,0.1757,0.0924
Hmel215003o,900001,950000,925108,48779,3627,95.6781,59.2638,0.235,0.1171,0.0682
Hmel215003o,925001,975000,949994,49601,3471,82.3512,51.572,0.2298,0.1064,0.0631
Hmel215003o,950001,1000000,975068,49751,3662,65.5629,54.0706,0.0961,0.0453,0.0244
Hmel215003o,975001,1025000,997448,44789,3188,58.072,53.2397,0.0434,0.0195,0.0113
Hmel215003o,1000001,1050000,1015121,23178,1278,26.8918,20.7884,0.128,0.0536,0.0349
Hmel215003o,1025001,1075000,1060421,28375,1662,29.9157,23.865,0.1125,0.0426,0.025
Hmel215003o,1050001,1100000,1074990,49806,2692,61.5987,41.5754,0.1941,0.0627,0.0385
Hmel215003o,1075001,1125000,1100072,49764,2065,72.9648,34.6284,0.3563,0.1183,0.0759
Hmel215003o,1100001,1150000,1121993,35643,1326,63.9936,22.1318,0.4861,0.2073,0.1236
Hmel215003o,1125001,1175000,1157049,35219,1493,107.9901,30.5849,0.5586,0.2504,0.1483
Hmel215003o,1150001,1200000,1175193,49482,2775,126.0256,40.3967,0.5145,0.2118,0.1276
Hmel215003o,1175001,1225000,1199875,49477,3287,71.4314,34.1512,0.3531,0.1287,0.0776
Hmel215003o,1200001,1250000,1225099,49480,3006,56.6639,41.9608,0.1491,0.0577,0.0357
Hmel215003o,1225001,1275000,1250004,49951,2889,66.7537,39.5846,0.2555,0.0956,0.0598
Hmel215003o,1250001,1300000,1274970,49844,2850,55.6393,19.622,0.4786,0.1111,0.0776
Hmel215003o,1275001,1325000,1300032,49814,2422,38.7538,8.1226,0.6534,0.1239,0.0851
Hmel215003o,1300001,1350000,1325004,49950,2921,49.4973,18.2941,0.4603,0.1365,0.0848
Hmel215003o,1325001,1375000,1350001,49985,3538,63.2763,35.4565,0.2818,0.0856,0.0573
Hmel215003o,1350001,1400000,1374887,49632,3450,115.1102,70.5185,0.2402,0.1043,0.068
Hmel215003o,1375001,1425000,1400059,49610,2687,199.7368,56.1927,0.5609,0.2995,0.2026
Hmel215003o,1400001,1450000,1424996,49954,2180,201.0579,14.5533,0.865,0.4382,0.3021
Hmel215003o,1425001,1475000,1449984,49928,2380,126.4497,15.4076,0.7828,0.366,0.2208
Hmel215003o,1450001,1500000,1473325,45990,2430,86.8223,21.6501,0.6008,0.3035,0.1612
Hmel215003o,1475001,1525000,1500440,45968,2548,113.4966,24.0914,0.6498,0.3505,0.2022
Hmel215003o,1500001,1550000,1523702,45550,2225,176.2704,18.4475,0.8105,0.5307,0.3366
Hmel215003o,1525001,1575000,1551097,45623,2208,148.0276,32.8335,0.6369,0.3944,0.2499
Hmel215003o,1550001,1600000,1574997,49900,2945,133.18,61.7609,0.3664,0.1881,0.1175
Hmel215003o,1575001,1625000,1600042,49883,3123,123.4335,51.3241,0.4126,0.228,0.132
Hmel215003o,1600001,1650000,1625000,49975,3269,75.3513,41.4773,0.2899,0.14,0.0731
Hmel215003o,1625001,1675000,1647957,44707,3036,54.2451,32.4888,0.2508,0.0911,0.0515
Hmel215003o,1650001,1700000,1675858,44433,2486,62.0013,14.6451,0.6179,0.1987,0.117
Hmel215003o,1675001,1725000,1700086,49685,2750,65.3603,25.0068,0.4466,0.1218,0.0785
Hmel215003o,1700001,1750000,1724983,49770,2632,29.8871,18.852,0.2264,0.038,0.0275
Hmel215003o,1725001,1775000,1750064,49765,2545,32.4125,13.2976,0.4182,0.0769,0.0479
Hmel215003o,1750001,1800000,1775011,49949,2765,45.6033,27.8134,0.2423,0.0593,0.0372
Hmel215003o,1775001,1825000,1799721,49038,2542,38.8965,44.1986,-0.0638,-0.0207,-0.0121
Hmel215003o,1800001,1850000,1825201,49047,2883,49.0594,53.8149,-0.0462,-0.0208,-0.0108
Hmel215003o,1825001,1875000,1849985,49930,3467,72.1724,48.6234,0.1949,0.0857,0.0502
Hmel215003o,1850001,1900000,1875017,49932,3173,66.4034,43.1326,0.2124,0.0879,0.0526
Hmel215003o,1875001,1925000,1900001,49996,2926,73.1835,46.5224,0.2227,0.1063,0.0593
Hmel215003o,1900001,1950000,1924350,47553,2776,82.748,30.6077,0.46,0.2492,0.1182
Hmel215003o,1925001,1975000,1950630,47501,2806,69.3419,24.8124,0.4729,0.223,0.1096
Hmel215003o,1950001,2000000,1975021,49939,3433,68.9296,78.4678,-0.0647,-0.0361,-0.0196
Hmel215003o,1975001,2025000,2000001,49989,3498,81.3726,85.8097,-0.0265,-0.0149,-0.008
Hmel215003o,2000001,2050000,2023768,45370,3163,111.0681,50.0702,0.3785,0.2292,0.1246
Hmel215003o,2025001,2075000,2051157,45020,3273,154.6293,42.6418,0.5677,0.4109,0.2275
Hmel215003o,2050001,2100000,2075024,49634,3157,124.0492,41.2995,0.5005,0.3403,0.1856
Hmel215003o,2075001,2125000,2099946,49772,2728,75.9063,39.891,0.311,0.1997,0.1098
Hmel215003o,2100001,2150000,2125050,49762,2837,95.5462,37.3209,0.4382,0.269,0.1552
Hmel215003o,2125001,2175000,2149882,49713,2810,95.3737,41.9883,0.3886,0.2728,0.1359
Hmel215003o,2150001,2200000,2174235,45789,1856,55.7896,33.6625,0.2474,0.1731,0.0828
Hmel215003o,2175001,2225000,2201109,45227,1828,42.7793,21.6598,0.3277,0.1389,0.0808
Hmel215003o,2200001,2250000,2225146,49149,2937,70.4138,37.2936,0.3075,0.1269,0.0759
Hmel215003o,2225001,2275000,2250006,49975,3320,80.7615,66.2459,0.0987,0.0484,0.0285
Hmel215003o,2250001,2300000,2274998,49981,3278,75.6137,62.4242,0.0956,0.054,0.0291
Hmel215003o,2275001,2325000,2299980,49657,3037,67.7062,38.9641,0.2694,0.1327,0.0716
Hmel215003o,2300001,2350000,2325131,49658,2695,61.4294,36.4783,0.2548,0.1288,0.068
Hmel215003o,2325001,2375000,2349951,49753,2658,87.7941,45.3059,0.3192,0.2157,0.1102
Hmel215003o,2350001,2400000,2375061,49764,2709,98.7106,52.7898,0.3031,0.2561,0.1176
Hmel215003o,2375001,2425000,2399353,46764,2271,67.571,43.4783,0.217,0.183,0.0821
Hmel215003o,2400001,2450000,2425953,46052,1953,44.4536,29.3088,0.2053,0.1037,0.0575
Hmel215003o,2425001,2475000,2450172,48896,2297,50.1943,30.5019,0.244,0.0897,0.0512
Hmel215003o,2450001,2500000,2475077,49463,2792,49.9669,29.0721,0.2644,0.0913,0.0502
Hmel215003o,2475001,2525000,2499942,49484,2012,32.5118,13.3712,0.4172,0.1462,0.078
Hmel215003o,2500001,2550000,2525106,49631,1718,32.412,12.5915,0.4404,0.1554,0.0962
Hmel215003o,2525001,2575000,2549930,49731,2749,63.9631,39.7329,0.2337,0.1314,0.0722
Hmel215003o,2550001,2600000,2574957,49392,2845,72.9805,53.5732,0.1534,0.1101,0.0549
Hmel215003o,2575001,2625000,2599985,49357,2765,80.0306,43.209,0.2988,0.1874,0.0989
Hmel215003o,2600001,2650000,2624965,49129,2867,96.393,45.2774,0.3608,0.2162,0.1215
Hmel215003o,2625001,2675000,2649937,48768,2662,82.041,49.998,0.2427,0.1407,0.0776
Hmel215003o,2650001,2700000,2673300,44267,2371,65.8881,43.2235,0.2077,0.1223,0.0623
Hmel215003o,2675001,2725000,2700988,43899,2450,56.0571,43.9849,0.1207,0.066,0.035
Hmel215003o,2700001,2750000,2725317,48577,2608,54.8423,39.3888,0.164,0.0708,0.0403
Hmel215003o,2725001,2775000,2749838,48953,2424,70.3626,36.7067,0.3143,0.1291,0.0801
Hmel215003o,2750001,2800000,2774749,48374,2412,77.3016,42.0703,0.2951,0.1334,0.0839
Hmel215003o,2775001,2825000,2800140,48944,2965,70.301,39.475,0.2808,0.0931,0.0605
Hmel215003o,2800001,2850000,2824387,48165,2893,66.5181,28.1421,0.4054,0.1063,0.0774
Hmel215003o,2825001,2875000,2850129,47557,2248,61.3557,24.2898,0.4328,0.145,0.1087
Hmel215003o,2850001,2900000,2875172,48809,2883,65.2149,41.5725,0.2214,0.1027,0.0662
Hmel215003o,2875001,2925000,2900028,47937,2827,64.8881,42.9638,0.2033,0.1139,0.0624
Hmel215003o,2900001,2950000,2925588,47746,2050,57.4006,32.961,0.2705,0.1703,0.0812
Hmel215003o,2925001,2975000,2950266,48960,2165,52.7983,30.5716,0.2666,0.1749,0.0794
Hmel215003o,2950001,3000000,2975134,49631,3026,62.7664,26.9553,0.3991,0.2156,0.1103
Hmel215003o,2975001,3025000,2999961,49672,3257,83.3055,35.1951,0.406,0.2107,0.1157
Hmel215003o,3000001,3050000,3025109,49692,3144,86.928,33.1999,0.4473,0.1667,0.1055
Hmel215003o,3025001,3075000,3049769,49478,3436,144.7569,31.6652,0.641,0.307,0.2029
Hmel215003o,3050001,3100000,3075024,49457,3456,165.3235,44.0964,0.5789,0.4286,0.2529
Hmel215003o,3075001,3125000,3099582,49056,3248,103.1311,40.8273,0.4328,0.28,0.1652
Hmel215003o,3100001,3150000,3124969,48740,2632,61.1333,37.6371,0.2379,0.0991,0.0617
Hmel215003o,3125001,3175000,3150043,49555,2872,56.3027,42.7148,0.1372,0.0501,0.0304
Hmel215003o,3150001,3200000,3174986,49349,3192,67.9284,40.7197,0.2504,0.1041,0.0629
Hmel215003o,3175001,3225000,3200127,48189,3156,77.8174,46.457,0.2523,0.1233,0.0767
Hmel215003o,3200001,3250000,3225333,48088,3374,103.0489,60.5128,0.2601,0.1593,0.0928
Hmel215003o,3225001,3275000,3250121,49279,3414,102.996,59.9064,0.2645,0.1401,0.0844
Hmel215003o,3250001,3300000,3274750,47473,2638,87.3141,44.278,0.327,0.1622,0.1026
Hmel215003o,3275001,3325000,3301011,47536,2425,83.4125,47.0652,0.2786,0.1765,0.0989
Hmel215003o,3300001,3350000,3324992,49895,3075,72.9981,47.8821,0.2078,0.1015,0.0597
Hmel215003o,3325001,3375000,3349997,49754,3166,83.4716,38.1875,0.3722,0.1912,0.1078
Hmel215003o,3350001,3400000,3375034,49831,3254,86.9583,52.5326,0.2468,0.1833,0.0874
Hmel215003o,3375001,3425000,3400001,49977,3248,72.2881,53.9981,0.1448,0.0894,0.0467
Hmel215003o,3400001,3450000,3424985,49944,3104,85.9416,45.6954,0.3057,0.1889,0.0986
Hmel215003o,3425001,3475000,3449941,49716,2978,84.9045,43.2045,0.3255,0.2392,0.1108
Hmel215003o,3450001,3500000,3475018,49672,3252,93.9164,44.9352,0.3528,0.2614,0.1258
Hmel215003o,3475001,3525000,3499860,49398,2937,97.5298,45.16,0.367,0.2397,0.1291
Hmel215003o,3500001,3550000,3524878,48555,2687,83.3389,47.7868,0.2711,0.1466,0.0814
Hmel215003o,3525001,3575000,3550244,49047,3132,83.2663,53.4337,0.2182,0.1271,0.0646
Hmel215003o,3550001,3600000,3573165,45623,2674,70.3879,39.157,0.2851,0.1785,0.0884
Hmel215003o,3575001,3625000,3598853,40730,1667,44.5356,22.6967,0.3248,0.1865,0.1022
Hmel215003o,3600001,3650000,3626086,44975,1914,66.5865,37.8383,0.2753,0.183,0.0958
Hmel215003o,3625001,3675000,3648795,45183,2469,83.664,48.3199,0.2678,0.1786,0.0875
Hmel215003o,3650001,3700000,3676201,44828,2272,62.2318,33.8863,0.2949,0.1623,0.0806
Hmel215003o,3675001,3725000,3700055,49532,2628,52.2905,55.1193,-0.0263,-0.0116,-0.0065
Hmel215003o,3700001,3750000,3724969,49899,2768,57.5572,59.6361,-0.0177,-0.0085,-0.0047
Hmel215003o,3725001,3775000,3750011,49861,2517,79.1818,39.4568,0.3348,0.2331,0.1166
Hmel215003o,3750001,3800000,3775002,49914,2544,84.5508,41.9539,0.3367,0.2449,0.1235
Hmel215003o,3775001,3825000,3799969,49772,3191,71.9407,52.5206,0.156,0.1124,0.0559
Hmel215003o,3800001,3850000,3824997,49664,3622,71.1313,52.44,0.1513,0.092,0.0473
Hmel215003o,3825001,3875000,3849972,49269,3309,80.5602,45.9366,0.2737,0.1407,0.0764
Hmel215003o,3850001,3900000,3874878,47900,2599,80.1606,34.3329,0.4003,0.2136,0.1194
Hmel215003o,3875001,3925000,3900155,47444,2356,71.3686,31.0304,0.3939,0.1958,0.113
Hmel215003o,3900001,3950000,3925243,48941,2409,60.3113,47.8985,0.1147,0.0537,0.0289
Hmel215003o,3925001,3975000,3948717,45997,2262,66.1578,43.5693,0.2059,0.1026,0.0558
Hmel215003o,3950001,4000000,3975766,45453,2573,73.5266,38.8853,0.3082,0.1568,0.09
Hmel215003o,3975001,4025000,4000110,49130,2700,68.2191,49.1664,0.1623,0.09,0.046
Hmel215003o,4000001,4050000,4024473,48261,2519,66.1117,51.8009,0.1214,0.076,0.0375
Hmel215003o,4025001,4075000,4050139,48554,2945,77.5197,50.3923,0.2121,0.1271,0.0652
Hmel215003o,4050001,4100000,4074800,49585,3197,95.4167,49.701,0.315,0.1988,0.1035
Hmel215003o,4075001,4125000,4099980,49009,3079,88.3214,53.2624,0.2476,0.1536,0.0837
Hmel215003o,4100001,4150000,4125267,49412,3162,77.5386,55.6164,0.1646,0.1074,0.0519
Hmel215003o,4125001,4175000,4149922,49668,2793,71.2747,44.1786,0.2347,0.1555,0.0744
Hmel215003o,4150001,4200000,4174947,49352,2765,64.825,39.9871,0.237,0.1343,0.0686
Hmel215003o,4175001,4225000,4200025,49676,3320,77.3361,50.342,0.2114,0.13,0.0595
Hmel215003o,4200001,4250000,4224647,49271,3043,60.6966,43.3841,0.1663,0.0834,0.0411
Hmel215003o,4225001,4275000,4250001,48871,2358,25.2618,33.1785,-0.1355,-0.0346,-0.0204
Hmel215003o,4250001,4300000,4275125,49427,2554,26.1867,29.719,-0.0632,-0.0149,-0.0088
Hmel215003o,4275001,4325000,4299862,49337,2835,56.0265,30.2688,0.2985,0.1217,0.0696
Hmel215003o,4300001,4350000,4325085,49507,2689,67.6812,32.4819,0.3514,0.1779,0.1023
Hmel215003o,4325001,4375000,4349998,49976,3010,73.6945,37.9907,0.3197,0.1511,0.0883
Hmel215003o,4350001,4400000,4375008,49978,3115,54.4138,37.0812,0.1894,0.0517,0.0332
Hmel215003o,4375001,4425000,4400000,49997,2811,49.1134,25.6599,0.3137,0.0751,0.0462
Hmel215003o,4400001,4450000,4424939,49842,3005,81.3264,39.3087,0.3483,0.1876,0.0956
Hmel215003o,4425001,4475000,4450000,49731,3270,74.5588,42.9508,0.269,0.1377,0.0718
Hmel215003o,4450001,4500000,4475030,49842,3096,54.4872,30.0309,0.2894,0.0867,0.053
Hmel215003o,4475001,4525000,4500008,49948,2735,49.0888,35.1694,0.1652,0.0526,0.0332
Hmel215003o,4500001,4550000,4524998,49983,2947,50.0837,60.2469,-0.0921,-0.0384,-0.0223
Hmel215003o,4525001,4575000,4550001,49989,3331,47.5526,72.5595,-0.2082,-0.0623,-0.0413
Hmel215003o,4550001,4600000,4575000,49993,3223,66.4967,65.8171,0.0051,0.0017,0.0011
Hmel215003o,4575001,4625000,4599851,49677,2941,78.8325,55.8227,0.1709,0.0791,0.0411
Hmel215003o,4600001,4650000,4625008,49555,2733,61.526,55.5479,0.0511,0.0211,0.0115
Hmel215003o,4625001,4675000,4650056,49856,2808,57.5438,67.9538,-0.083,-0.0435,-0.021
Hmel215003o,4650001,4700000,4674999,49940,2664,43.4131,41.9325,0.0173,0.0075,0.0037
Hmel215003o,4675001,4725000,4699689,49166,2290,26.9467,11.3082,0.4088,0.078,0.0484
Hmel215003o,4700001,4750000,4725003,48646,2478,56.91,42.803,0.1415,0.0496,0.0292
Hmel215003o,4725001,4775000,4750214,49414,3016,78.5056,55.5247,0.1715,0.0637,0.037
Hmel215003o,4750001,4800000,4775010,49977,3031,56.954,23.5269,0.4153,0.1052,0.0661
Hmel215003o,4775001,4825000,4799992,49972,3068,58.8605,35.564,0.2467,0.076,0.0491
Hmel215003o,4800001,4850000,4824949,49842,3407,96.703,53.9756,0.2836,0.1456,0.085
Hmel215003o,4825001,4875000,4847824,45150,2793,89.8136,39.8872,0.3849,0.2427,0.1238
Hmel215003o,4850001,4900000,4875426,45262,2798,89.5042,36.3153,0.4227,0.2451,0.1311
Hmel215003o,4875001,4925000,4899985,49928,3390,103.0512,39.9411,0.4414,0.2518,0.137
Hmel215003o,4900001,4950000,4925001,49924,3121,90.7655,44.8836,0.3382,0.1946,0.1048
Hmel215003o,4925001,4975000,4949687,49213,2689,81.0956,45.2299,0.2839,0.1768,0.0978
Hmel215003o,4950001,5000000,4975067,49218,3004,110.9661,52.9636,0.3538,0.2228,0.1258
Hmel215003o,4975001,5025000,4999928,49637,2881,149.1519,44.9773,0.5366,0.3281,0.2016
Hmel215003o,5000001,5050000,5024955,47620,1853,92.4281,25.1999,0.5715,0.3238,0.1933
Hmel215003o,5025001,5075000,5050888,47845,2050,48.424,32.0383,0.2036,0.0923,0.0478
Hmel215003o,5050001,5100000,5075031,49877,2964,81.8611,44.975,0.2908,0.1338,0.0776
Hmel215003o,5075001,5125000,5099807,49452,3058,82.1338,42.6192,0.3167,0.147,0.0899
Hmel215003o,5100001,5150000,5124886,48861,2890,76.132,41.2525,0.2971,0.1752,0.0945
Hmel215003o,5125001,5175000,5149913,48287,1904,56.3896,27.2163,0.3489,0.22,0.1179
Hmel215003o,5150001,5200000,5174831,46567,1524,40.3486,16.491,0.4197,0.1786,0.1123
Hmel215003o,5175001,5225000,5200652,47657,2964,75.0949,33.1303,0.3878,0.2061,0.1141
Hmel215003o,5200001,5250000,5224631,48806,2684,63.0531,30.2431,0.3517,0.2209,0.112
Hmel215003o,5225001,5275000,5250015,48372,2043,47.4307,28.0061,0.2575,0.1437,0.0824
Hmel215003o,5250001,5300000,5275013,49427,2879,57.7772,49.4338,0.0778,0.0379,0.0225
Hmel215003o,5275001,5325000,5299823,49274,3460,82.2951,56.517,0.1857,0.0943,0.051
Hmel215003o,5300001,5350000,5325058,49266,3609,92.464,53.414,0.2677,0.1441,0.0736
Hmel215003o,5325001,5375000,5349779,48984,3662,99.1425,53.3276,0.3005,0.1656,0.0867
Hmel215003o,5350001,5400000,5375203,49052,3333,102.3288,43.8688,0.3999,0.2114,0.1164
Hmel215003o,5375001,5425000,5400006,49949,3232,91.2566,45.0611,0.3389,0.1955,0.1017
Hmel215003o,5400001,5450000,5424986,49948,3094,90.8543,48.2314,0.3065,0.2017,0.1015
Hmel215003o,5425001,5475000,5449997,49888,2983,92.7086,44.3811,0.3525,0.2197,0.1183
Hmel215003o,5450001,5500000,5475013,49877,3062,104.0554,46.6182,0.3812,0.2603,0.1319
Hmel215003o,5475001,5525000,5499985,49833,3042,98.8621,50.6909,0.3221,0.2356,0.1109
Hmel215003o,5500001,5550000,5525012,49894,2967,70.3591,41.0657,0.2629,0.1061,0.0611
Hmel215003o,5525001,5575000,5549998,49993,3236,93.0905,43.0853,0.3672,0.1419,0.0906
Hmel215003o,5550001,5600000,5574153,47415,2324,75.6408,31.811,0.4079,0.2052,0.1244
Hmel215003o,5575001,5625000,5600504,47384,1413,39.1445,18.9084,0.3486,0.1742,0.091
Hmel215003o,5600001,5650000,5624729,49184,1828,64.5091,25.8876,0.4272,0.2441,0.1299
Hmel215003o,5625001,5675000,5650108,49180,2307,40.2792,37.9118,0.0303,0.0095,0.006
Hmel215003o,5650001,5700000,5674539,47142,2408,25.2839,35.8911,-0.1734,-0.0344,-0.0228
Hmel215003o,5675001,5725000,5701010,47175,2676,66.2698,27.5862,0.4122,0.1186,0.0776
Hmel215003o,5700001,5750000,5724988,49954,3309,93.3115,47.4438,0.3259,0.1336,0.0826
Hmel215003o,5725001,5775000,5750002,49943,3253,89.1526,45.647,0.3227,0.1608,0.0886
Hmel215003o,5750001,5800000,5774957,49627,2911,73.1809,30.8677,0.4067,0.1746,0.1025
Hmel215003o,5775001,5825000,5800006,48962,2453,61.4506,32.3488,0.3103,0.1364,0.0778
Hmel215003o,5800001,5850000,5825194,49173,2761,89.4577,39.0657,0.3921,0.2585,0.1216
Hmel215003o,5825001,5875000,5850037,49841,3319,125.3159,49.9777,0.4298,0.327,0.1523
Hmel215003o,5850001,5900000,5874996,49965,3275,112.57,46.6158,0.4143,0.2738,0.1305
Hmel215003o,5875001,5925000,5900000,49978,3150,84.4918,45.8119,0.2968,0.1771,0.0851
Hmel215003o,5900001,5950000,5924996,49974,3160,110.4864,41.3555,0.4553,0.2515,0.1264
Hmel215003o,5925001,5975000,5950005,49966,3230,113.1382,34.9725,0.5278,0.2491,0.1363
Hmel215003o,5950001,6000000,5974401,46806,3088,82.8254,42.1473,0.3255,0.1534,0.0917
Hmel215003o,5975001,6025000,6000937,46150,2772,103.9731,43.687,0.4083,0.246,0.1523
Hmel215003o,6000001,6050000,6025163,49268,2604,133.2666,32.8482,0.6045,0.3723,0.2283
Hmel215003o,6025001,6075000,6049943,49757,2529,110.1484,22.8942,0.6558,0.2739,0.181
Hmel215003o,6050001,6100000,6074687,48936,1746,44.3365,19.0,0.4,0.1049,0.0768
Hmel215003o,6075001,6125000,6097834,42729,568,9.1544,8.8367,0.0177,0.0039,0.0027
Hmel215003o,6100001,6150000,6126052,40106,680,28.767,13.5681,0.359,0.2468,0.1362
Hmel215003o,6125001,6175000,6151479,46474,1924,77.9668,35.8324,0.3703,0.2386,0.1281
Hmel215003o,6150001,6200000,6174826,49211,2016,70.6588,38.4754,0.2949,0.1791,0.0963
Hmel215003o,6175001,6225000,6200210,49215,2086,73.2681,35.6855,0.3449,0.2068,0.111
Hmel215003o,6200001,6250000,6224998,49968,2827,114.3729,49.7108,0.3941,0.2503,0.1319
Hmel215003o,6225001,6275000,6249694,48338,2417,98.0024,44.1615,0.3787,0.2521,0.1363
Hmel215003o,6250001,6300000,6275538,48340,2549,78.7491,28.9873,0.4619,0.2764,0.1557
Hmel215003o,6275001,6325000,6299700,48981,2325,43.3675,13.6703,0.5207,0.1454,0.0987
Hmel215003o,6300001,6350000,6322022,41536,844,7.249,2.0542,0.5584,0.046,0.0365
Hmel215003o,6325001,6375000,6349468,32892,439,14.3109,6.2848,0.3897,0.2299,0.1205
Hmel215003o,6350001,6400000,6379235,40336,1969,27.2799,25.6861,0.0301,0.0114,0.0062
Hmel215003o,6375001,6425000,6400000,49964,3350,59.0157,44.7077,0.1379,0.0572,0.0323
Hmel215003o,6400001,6450000,6424982,49442,3185,84.6666,48.3305,0.2732,0.1425,0.0822
Hmel215003o,6425001,6475000,6450249,49418,2988,87.768,53.152,0.2456,0.1497,0.0819
Hmel215003o,6450001,6500000,6474990,49759,2925,77.7747,52.3417,0.1955,0.1256,0.064
Hmel215003o,6475001,6525000,6500045,49726,2919,77.6894,46.287,0.2533,0.1593,0.077
Hmel215003o,6500001,6550000,6524940,49749,2867,92.8727,42.7852,0.3692,0.2522,0.1162
Hmel215003o,6525001,6575000,6550006,49730,2827,90.6338,43.3196,0.3532,0.2519,0.1142
Hmel215003o,6550001,6600000,6574979,49586,2590,91.8141,43.5711,0.3563,0.211,0.1053
Hmel215003o,6575001,6625000,6600044,49323,2587,111.8809,47.0885,0.4076,0.2316,0.1265
Hmel215003o,6600001,6650000,6623459,44555,2009,84.4949,36.9619,0.3914,0.2534,0.1369
Hmel215003o,6625001,6675000,6650679,43937,1847,75.425,31.185,0.415,0.3186,0.1532
Hmel215003o,6650001,6700000,6674962,47347,2673,112.2522,42.9283,0.4467,0.3374,0.1579
Hmel215003o,6675001,6725000,6700672,47904,2565,98.4799,46.8365,0.3554,0.3068,0.1273
Hmel215003o,6700001,6750000,6725090,49580,2830,108.866,52.6855,0.3478,0.2973,0.1354
Hmel215003o,6725001,6775000,6749902,49590,3120,121.8291,51.609,0.4049,0.2978,0.1534
Hmel215003o,6750001,6800000,6774988,48991,2894,108.8388,46.9106,0.3976,0.2719,0.1394
Hmel215003o,6775001,6825000,6800036,48944,2439,87.3189,44.3182,0.3267,0.2151,0.1106
Hmel215003o,6800001,6850000,6824953,48600,2020,67.6703,39.5588,0.2622,0.1702,0.0874
Hmel215003o,6825001,6875000,6849885,46681,2080,67.3418,34.1914,0.3265,0.2038,0.1058
Hmel215003o,6850001,6900000,6875479,46691,2192,49.9758,29.1394,0.2634,0.1399,0.0708
Hmel215003o,6875001,6925000,6899755,47407,2041,59.4406,23.3732,0.4355,0.1922,0.1123
Hmel215003o,6900001,6950000,6925430,48334,2901,70.6062,37.6,0.305,0.0788,0.0575
Hmel215003o,6925001,6975000,6950001,49991,3782,76.4226,48.4292,0.2242,0.0609,0.0435
Hmel215003o,6950001,7000000,6974984,49627,3453,113.7289,44.9467,0.4335,0.2315,0.1348
Hmel215003o,6975001,7025000,7000158,49498,3314,117.0217,45.6874,0.4384,0.2908,0.1439
Hmel215003o,7000001,7050000,7025018,49698,3429,116.3296,53.5334,0.3697,0.3084,0.1368
Hmel215003o,7025001,7075000,7049995,49341,3687,128.7226,59.3452,0.3689,0.3488,0.1484
Hmel215003o,7050001,7100000,7075019,48858,3620,134.2795,53.3212,0.4315,0.3677,0.1735
Hmel215003o,7075001,7125000,7100158,49325,3688,137.0914,57.9494,0.4058,0.3473,0.179
Hmel215003o,7100001,7150000,7125005,49956,3847,122.7673,58.6118,0.3537,0.2917,0.1473
Hmel215003o,7125001,7175000,7149865,49422,3580,108.2376,56.1359,0.317,0.2443,0.1213
Hmel215003o,7150001,7200000,7175074,49018,3613,101.2058,64.2638,0.2233,0.1672,0.0826
Hmel215003o,7175001,7225000,7200149,49557,3291,98.1281,59.3764,0.246,0.1827,0.0901
Hmel215003o,7200001,7250000,7225005,49981,3147,102.1519,53.7439,0.3105,0.229,0.1085
Hmel215003o,7225001,7275000,7249979,49927,3197,97.2938,57.5212,0.2569,0.1541,0.0788
Hmel215003o,7250001,7300000,7275007,49863,2837,93.9086,43.5048,0.3668,0.2149,0.1093
Hmel215003o,7275001,7325000,7299957,49765,2456,80.0784,32.7041,0.42,0.2756,0.1283
Hmel215003o,7300001,7350000,7325009,49816,2703,77.7893,50.9758,0.2082,0.1521,0.0726
Hmel215003o,7325001,7375000,7349962,49853,3174,102.4348,62.2851,0.2437,0.1835,0.0877
Hmel215003o,7350001,7400000,7374972,49451,2940,92.1082,43.2894,0.3606,0.241,0.1183
Hmel215003o,7375001,7425000,7399886,48115,2295,78.0591,28.974,0.4586,0.3049,0.1583
Hmel215003o,7400001,7450000,7425480,48514,2430,84.7008,41.9529,0.3375,0.2308,0.1197
Hmel215003o,7425001,7475000,7449931,49748,3351,105.3518,56.1278,0.3048,0.1839,0.1031
Hmel215003o,7450001,7500000,7475031,49718,3522,115.5792,53.1244,0.3702,0.2158,0.1216
Hmel215003o,7475001,7525000,7500014,49950,2980,125.4858,40.475,0.5122,0.3565,0.1742
Hmel215003o,7500001,7550000,7524990,49906,2866,122.8795,42.1993,0.4887,0.3664,0.1784
Hmel215003o,7525001,7575000,7550026,49859,2899,98.0928,48.0567,0.3424,0.2371,0.1233
Hmel215003o,7550001,7600000,7575014,49951,2957,112.1306,47.0299,0.409,0.2689,0.151
Hmel215003o,7575001,7625000,7599752,49342,3090,110.1483,54.9462,0.3344,0.185,0.1166
Hmel215003o,7600001,7650000,7625062,49189,3088,100.2643,58.315,0.2645,0.1347,0.0851
Hmel215003o,7625001,7675000,7650043,49817,3310,105.917,54.3354,0.3219,0.2009,0.1089
Hmel215003o,7650001,7700000,7674958,49799,3040,86.42,42.9377,0.3361,0.2476,0.1161
Hmel215003o,7675001,7725000,7699934,49566,2937,90.5193,41.6967,0.3693,0.2655,0.1207
Hmel215003o,7700001,7750000,7725022,49733,3329,107.2102,54.124,0.329,0.206,0.109
Hmel215003o,7725001,7775000,7749890,49707,3172,96.7066,52.6757,0.2948,0.1742,0.1043
Hmel215003o,7750001,7800000,7775033,49708,3090,104.2409,44.4322,0.4023,0.2497,0.1372
Hmel215003o,7775001,7825000,7799998,49983,2928,95.1469,29.1115,0.5314,0.2688,0.139
Hmel215003o,7800001,7850000,7825001,49978,2396,54.9039,15.6331,0.5567,0.2264,0.108
Hmel215003o,7825001,7875000,7850000,49979,2699,75.4297,25.5634,0.4938,0.2506,0.1318
Hmel215003o,7850001,7900000,7874964,49835,2971,94.6418,36.8331,0.4397,0.2586,0.1366
Hmel215003o,7875001,7925000,7899794,49339,2256,80.6542,30.0788,0.4567,0.3545,0.1533
Hmel215003o,7900001,7950000,7924795,48483,1066,46.9672,15.8162,0.4962,0.3901,0.1659
Hmel215003o,7925001,7975000,7950051,47993,1021,30.276,17.9524,0.2555,0.1478,0.0807
Hmel215003o,7950001,8000000,7975185,48597,1861,58.3378,28.6832,0.3408,0.21,0.111
Hmel215003o,7975001,8025000,8000127,49590,2826,106.6599,35.1293,0.5045,0.3323,0.178
Hmel215003o,8000001,8050000,8024992,49973,3673,145.7189,42.3838,0.5494,0.3877,0.2142
Hmel215003o,8025001,8075000,8049998,49967,3607,123.953,45.5669,0.4624,0.3195,0.1712
Hmel215003o,8050001,8100000,8074980,49938,3888,123.1907,57.9473,0.3602,0.2436,0.1281
Hmel215003o,8075001,8125000,8099948,49566,3570,111.9377,50.972,0.3742,0.2163,0.1236
Hmel215003o,8100001,8150000,8125119,49463,2903,69.7493,39.091,0.2817,0.118,0.0723
Hmel215003o,8125001,8175000,8150019,49728,2765,70.205,46.2307,0.2059,0.1009,0.0614
Hmel215003o,8150001,8200000,8174849,49440,2682,94.1809,51.2566,0.2951,0.2086,0.1165
Hmel215003o,8175001,8225000,8199945,48551,2269,73.9117,40.9172,0.2873,0.1906,0.1027
Hmel215003o,8200001,8250000,8224797,47238,1934,52.3767,29.4531,0.2801,0.1611,0.0857
Hmel215003o,8225001,8275000,8249951,46468,2207,66.3486,33.317,0.3314,0.2397,0.1147
Hmel215003o,8250001,8300000,8275547,48076,2652,75.2005,35.9748,0.3528,0.2107,0.1115
Hmel215003o,8275001,8325000,8299887,49520,2886,91.377,40.8982,0.3816,0.233,0.1179
Hmel215003o,8300001,8350000,8324969,49538,2979,115.4278,50.1948,0.3939,0.2877,0.1382
Hmel215003o,8325001,8375000,8349874,49434,3139,128.8688,57.6303,0.382,0.2875,0.1478
Hmel215003o,8350001,8400000,8375063,49478,3093,122.0929,54.0388,0.3864,0.2879,0.1453
Hmel215003o,8375001,8425000,8399994,49546,2744,98.7213,47.413,0.3511,0.2421,0.1284
Hmel215003o,8400001,8450000,8424894,48604,2429,91.969,44.2599,0.3502,0.2556,0.1402
Hmel215003o,8425001,8475000,8450273,48955,2868,107.7028,43.0604,0.4288,0.325,0.1732
Hmel215003o,8450001,8500000,8474961,49803,3134,131.5691,43.3632,0.5042,0.3734,0.2052
Hmel215003o,8475001,8525000,8499976,49678,3275,150.938,49.905,0.503,0.3868,0.2067
Hmel215003o,8500001,8550000,8525004,49857,3524,130.2251,62.2344,0.3533,0.2774,0.1409
Hmel215003o,8525001,8575000,8549999,49991,3344,115.0806,55.9882,0.3454,0.2555,0.1292
Hmel215003o,8550001,8600000,8574915,49789,3033,119.3913,48.1493,0.4252,0.3153,0.1567
Hmel215003o,8575001,8625000,8599730,48535,2847,104.332,45.7313,0.3905,0.2839,0.143
Hmel215003o,8600001,8650000,8625363,48731,3254,114.4092,50.195,0.3901,0.2585,0.1403
Hmel215003o,8625001,8675000,8649757,48953,3172,108.5026,51.4349,0.3568,0.2394,0.1298
Hmel215003o,8650001,8700000,8675287,48814,3226,94.9734,49.7755,0.3123,0.1895,0.1047
Hmel215003o,8675001,8725000,8700036,49755,3593,112.685,66.41,0.2584,0.1581,0.0882
Hmel215003o,8700001,8750000,8725009,49817,3350,109.2784,62.2256,0.2744,0.1568,0.0872
Hmel215003o,8725001,8775000,8750032,49902,3178,105.7863,48.6453,0.37,0.1884,0.1085
Hmel215003o,8750001,8800000,8774967,49804,3259,108.6249,58.8433,0.2973,0.1846,0.0948
Hmel215003o,8775001,8825000,8800046,49769,3038,92.21,57.2986,0.2335,0.1428,0.0703
Hmel215003o,8800001,8850000,8823978,46742,2431,69.9117,40.6738,0.2644,0.1266,0.0714
Hmel215003o,8825001,8875000,8850674,46792,2674,78.8154,39.9497,0.3272,0.1706,0.0902
Hmel215003o,8850001,8900000,8874996,49979,3270,96.7971,64.0825,0.2033,0.1261,0.0626
Hmel215003o,8875001,8925000,8900002,49953,3310,105.3844,66.6837,0.2249,0.1388,0.0752
Hmel215003o,8900001,8950000,8924992,49909,3572,118.0991,60.688,0.3211,0.1799,0.1033
Hmel215003o,8925001,8975000,8949777,49439,3978,116.1409,67.6544,0.2638,0.1365,0.0794
Hmel215003o,8950001,9000000,8973659,46517,3092,110.1525,42.2844,0.4452,0.2265,0.1275
Hmel215003o,8975001,9025000,8999321,41315,1594,73.2209,18.6671,0.5937,0.3283,0.169
Hmel215003o,9000001,9050000,9027010,43298,1396,48.4249,25.7562,0.3056,0.2146,0.1036
Hmel215003o,9025001,9075000,9049121,43452,1517,52.4223,36.9639,0.1729,0.1142,0.063
Hmel215003o,9050001,9100000,9076986,41283,2022,64.6014,37.4483,0.2661,0.116,0.0748
Hmel215003o,9075001,9125000,9101498,46818,3251,116.8742,52.1558,0.3829,0.1562,0.0992
Hmel215003o,9100001,9150000,9124999,49972,3237,136.0509,50.2964,0.4602,0.1884,0.1224
Hmel215003o,9125001,9175000,9149611,48801,2958,105.6307,40.3963,0.4467,0.1702,0.1156
Hmel215003o,9150001,9200000,9175137,48585,3051,98.3522,41.3592,0.4079,0.1822,0.1104
Hmel215003o,9175001,9225000,9199936,49514,2999,113.0003,31.3996,0.5651,0.2865,0.1627
Hmel215003o,9200001,9250000,9224677,46861,2792,92.8918,30.2595,0.5086,0.2649,0.1577
Hmel215003o,9225001,9275000,9250920,46215,2653,72.673,35.0904,0.3488,0.2235,0.1181
Hmel215003o,9250001,9300000,9274959,48162,2804,76.5901,43.9543,0.2707,0.1866,0.0926
Hmel215003o,9275001,9325000,9300257,49039,3227,96.3369,62.4254,0.2136,0.1651,0.0806
Hmel215003o,9300001,9350000,9325001,49926,3065,95.2312,57.9069,0.2437,0.1907,0.0953
Hmel215003o,9325001,9375000,9349997,49590,2869,92.3775,47.331,0.3224,0.2163,0.1186
Hmel215003o,9350001,9400000,9374634,48378,2827,95.802,44.8836,0.3619,0.2291,0.136
Hmel215003o,9375001,9425000,9400126,48721,2999,105.9403,41.1229,0.4407,0.2713,0.1544
Hmel215003o,9400001,9450000,9424999,49980,3478,118.103,51.445,0.3932,0.2561,0.1378
Hmel215003o,9425001,9475000,9449955,49745,2810,93.7737,39.5768,0.4064,0.2375,0.1368
Hmel215003o,9450001,9500000,9474952,49253,2666,70.2036,34.196,0.3449,0.1726,0.1034
Hmel215003o,9475001,9525000,9498947,47014,4059,80.6678,58.0706,0.1629,0.1055,0.059
Hmel215003o,9500001,9550000,9524983,46861,4275,103.2286,55.4268,0.3013,0.2365,0.1273
Hmel215003o,9525001,9575000,9550108,48689,4222,124.103,58.7182,0.3576,0.3437,0.1868
Hmel215003o,9550001,9600000,9575204,49180,5584,170.2859,78.3516,0.3698,0.3567,0.1972
Hmel215003o,9575001,9625000,9600010,49752,6474,216.6953,88.5206,0.4199,0.3815,0.2217
Hmel215003o,9600001,9650000,9625026,49913,6382,212.5312,95.5503,0.3797,0.3531,0.2107
Hmel215003o,9625001,9675000,9649977,49923,6048,185.2136,91.9022,0.3367,0.316,0.1804
Hmel215003o,9650001,9700000,9674904,49558,5879,171.6289,94.4769,0.2899,0.2627,0.1545
Hmel215003o,9675001,9725000,9700072,49634,6136,188.0213,106.5414,0.2766,0.2555,0.1541
Hmel215003o,9700001,9750000,9724928,49813,6324,197.5516,103.903,0.3107,0.3042,0.1783
Hmel215003o,9725001,9775000,9749982,49710,5821,179.4618,80.3094,0.3817,0.3668,0.2204
Hmel215003o,9750001,9800000,9774945,49585,5129,154.1759,67.6533,0.39,0.3411,0.1992
Hmel215003o,9775001,9825000,9799393,47742,3777,103.1857,76.4979,0.1485,0.1171,0.0647
Hmel215003o,9800001,9850000,9825294,47890,2720,106.3084,63.4497,0.2525,0.1635,0.1006
Hmel215003o,9825001,9875000,9850051,49810,2740,115.6824,38.8744,0.497,0.2955,0.1752
Hmel215003o,9850001,9900000,9875008,49973,3365,108.2103,32.3707,0.5395,0.2861,0.1449
Hmel215003o,9875001,9925000,9900000,50000,3765,108.92,51.3197,0.3595,0.1668,0.0849
Hmel215003o,9900001,9950000,9924991,49968,3601,97.4422,73.9179,0.1373,0.0675,0.0361
Hmel215003o,9925001,9975000,9949977,49735,3361,107.9064,60.6089,0.2807,0.1413,0.0816
Hmel215003o,9950001,10000000,9975087,49765,3118,72.8927,43.8451,0.2488,0.0727,0.0459
Hmel215003o,9975001,10025000,9999862,49705,2693,21.4723,24.3733,-0.0633,-0.0073,-0.0051
Hmel215003o,10000001,10050000,10024508,48344,2419,19.8245,13.1943,0.2008,0.0193,0.0131
Hmel215003o,10025001,10075000,10050125,48156,2551,24.7454,21.3158,0.0745,0.0085,0.0055
Hmel215003o,10050001,10100000,10075123,48919,1983,12.1146,17.0455,-0.1691,-0.013,-0.009
Hmel215003o,10075001,10125000,10099580,45841,1607,8.725,10.9667,-0.1138,-0.0067,-0.0044
Hmel215003o,10100001,10150000,10126192,44447,1739,16.3359,21.7161,-0.1414,-0.0151,-0.0093
Hmel215003o,10125001,10175000,10147418,40883,1534,12.5141,26.1016,-0.3519,-0.0486,-0.0303
