scaffold,start,end,mid,sites,sitesUsed,ABBA,BABA,D,fd,fdM
SUPER_9,1,20000,nan,0,nan,nan,nan,nan,nan,nan
SUPER_9,20001,40000,32967,251,19,0.0556,0.0,1.0,0.0438,0.0351
SUPER_9,40001,60000,44161,71,nan,nan,nan,nan,nan,nan
SUPER_9,60001,80000,66714,2095,38,0.1125,0.1,0.0588,0.0059,0.0041
SUPER_9,80001,100000,95479,1597,38,0.0,1.0,-1.0,-0.2132,-0.0981
SUPER_9,100001,120000,103033,702,11,0.0,0.0,nan,0.0,0.0
SUPER_9,120001,140000,125406,653,9,nan,nan,nan,nan,nan
SUPER_9,140001,160000,nan,0,nan,nan,nan,nan,nan,nan
SUPER_9,160001,180000,167501,7456,417,1.5965,0.8424,0.3092,0.03,0.019
SUPER_9,180001,200000,192495,12220,433,6.8375,0.8236,0.785,0.0644,0.0558
SUPER_9,200001,220000,209994,16442,674,56.6271,2.1549,0.9267,0.2735,0.248
SUPER_9,220001,240000,228621,13716,568,61.1111,2.2083,0.9302,0.3329,0.299
SUPER_9,240001,260000,250071,17358,798,18.1375,3.8208,0.652,0.0714,0.0634
SUPER_9,260001,280000,270007,16795,888,28.0459,8.3376,0.5417,0.1741,0.1172
SUPER_9,280001,300000,290466,15565,869,12.3187,8.959,0.1579,0.0257,0.0203
SUPER_9,300001,320000,309934,16064,1189,33.6076,9.3875,0.5633,0.1956,0.1288
SUPER_9,320001,340000,327293,10873,681,3.3951,8.9977,-0.4521,-0.0585,-0.0467
SUPER_9,340001,360000,359465,379,29,0.0,0.0917,-1.0,-0.0182,-0.013
SUPER_9,360001,380000,369915,16120,933,22.4639,14.0385,0.2308,0.0471,0.0389
SUPER_9,380001,400000,389877,16510,994,27.9353,19.306,0.1827,0.0373,0.0274
SUPER_9,400001,420000,410159,17012,873,16.8728,15.9504,0.0281,0.0077,0.0057
SUPER_9,420001,440000,430079,17230,906,15.1269,10.7694,0.1683,0.0259,0.0201
SUPER_9,440001,460000,449974,16133,894,15.8766,4.4186,0.5646,0.0981,0.0728
SUPER_9,460001,480000,469971,17432,892,13.2451,4.1632,0.5217,0.0533,0.0468
SUPER_9,480001,500000,490264,15706,739,22.3064,11.3983,0.3236,0.0831,0.0628
SUPER_9,500001,520000,509938,17734,756,16.1243,6.1981,0.4447,0.0586,0.0434
SUPER_9,520001,540000,530061,16200,888,19.2405,12.9925,0.1938,0.0421,0.0277
SUPER_9,540001,560000,550152,16787,944,11.3639,14.5856,-0.1242,-0.0189,-0.0142
SUPER_9,560001,580000,570052,17167,835,22.1307,6.2882,0.5575,0.1166,0.083
SUPER_9,580001,600000,589888,16840,777,8.6733,8.62,0.0031,0.0005,0.0003
SUPER_9,600001,620000,609993,17015,715,5.9431,9.9286,-0.2511,-0.0302,-0.0236
SUPER_9,620001,640000,628004,13267,843,31.1516,14.8151,0.3554,0.1174,0.0877
SUPER_9,640001,660000,649967,16795,938,16.3988,16.5671,-0.0051,-0.0012,-0.0009
SUPER_9,660001,680000,669078,14493,646,8.4861,5.676,0.1984,0.032,0.0197
SUPER_9,680001,700000,690929,15600,1013,19.6164,16.4198,0.0887,0.0225,0.0161
SUPER_9,700001,720000,709691,13682,953,12.5647,22.2614,-0.2784,-0.0791,-0.0561
SUPER_9,720001,740000,729995,17389,802,3.5133,1.4394,0.4187,0.0178,0.0129
SUPER_9,740001,760000,750067,16515,860,25.6282,11.9249,0.3649,0.1444,0.0942
SUPER_9,760001,780000,770030,15818,989,8.4442,10.9739,-0.1303,-0.0221,-0.0156
SUPER_9,780001,800000,790015,16424,885,14.7283,10.0388,0.1893,0.0453,0.0304
SUPER_9,800001,820000,809471,16271,920,15.2844,7.7462,0.3273,0.07,0.0559
SUPER_9,820001,840000,832039,12560,705,19.1383,7.9512,0.413,0.1377,0.0964
SUPER_9,840001,860000,850003,17291,779,17.7785,12.3223,0.1813,0.0735,0.0482
SUPER_9,860001,880000,869870,16870,958,16.6912,12.4926,0.1439,0.0529,0.0369
SUPER_9,880001,900000,890250,16613,993,12.1399,11.1717,0.0415,0.0139,0.0086
SUPER_9,900001,920000,910377,17043,734,4.2604,5.4951,-0.1266,-0.0278,-0.0168
SUPER_9,920001,940000,928772,13879,710,5.86,8.5738,-0.188,-0.0536,-0.0307
SUPER_9,940001,960000,950109,16947,942,9.6651,8.5736,0.0598,0.0169,0.011
SUPER_9,960001,980000,970140,15671,885,7.959,7.0669,0.0594,0.0115,0.0079
SUPER_9,980001,1000000,989900,15676,1021,10.1474,7.0399,0.1808,0.0413,0.0281
SUPER_9,1000001,1020000,1010063,17611,828,5.8727,4.4079,0.1425,0.0307,0.0205
SUPER_9,1020001,1040000,1030206,16726,977,14.7433,9.2862,0.2271,0.0732,0.0517
SUPER_9,1040001,1060000,1050006,16573,992,16.4414,9.5995,0.2627,0.0629,0.049
SUPER_9,1060001,1080000,1069934,15680,845,12.7228,3.8056,0.5395,0.0878,0.0692
SUPER_9,1080001,1100000,1089932,16434,940,17.2404,12.2815,0.168,0.0448,0.0349
SUPER_9,1100001,1120000,1109039,14299,812,14.9478,6.7903,0.3753,0.0784,0.0557
SUPER_9,1120001,1140000,1130807,15739,1043,20.6186,13.0985,0.223,0.0517,0.0409
SUPER_9,1140001,1160000,1148430,12652,644,4.2347,13.9149,-0.5334,-0.1155,-0.0804
SUPER_9,1160001,1180000,1169887,16192,1039,7.6544,9.4516,-0.1051,-0.0143,-0.0112
SUPER_9,1180001,1200000,1189897,16115,852,4.2578,11.9993,-0.4762,-0.0984,-0.0613
SUPER_9,1200001,1220000,1209907,16227,1058,7.8022,5.2838,0.1925,0.03,0.0223
SUPER_9,1220001,1240000,1230263,15899,889,11.3102,6.073,0.3013,0.089,0.0597
SUPER_9,1240001,1260000,1250193,15485,905,6.6174,10.9192,-0.2453,-0.0609,-0.0422
SUPER_9,1260001,1280000,1267906,12818,902,6.1561,10.9384,-0.2798,-0.0704,-0.0518
SUPER_9,1280001,1300000,1291619,13248,924,7.9997,7.0208,0.0652,0.0128,0.0093
SUPER_9,1300001,1320000,1310030,15860,1204,16.814,12.5521,0.1451,0.0511,0.0366
SUPER_9,1320001,1340000,1332183,7494,623,5.9016,6.2105,-0.0255,-0.0059,-0.0043
SUPER_9,1340001,1360000,1349761,15311,1103,20.8602,8.355,0.428,0.1361,0.0848
SUPER_9,1360001,1380000,1369505,15981,854,13.0828,7.5426,0.2686,0.0622,0.0442
SUPER_9,1380001,1400000,1389911,15995,1154,13.3969,18.2351,-0.153,-0.0427,-0.0303
SUPER_9,1400001,1420000,1410344,11582,862,12.4982,11.5581,0.0391,0.0131,0.0074
SUPER_9,1420001,1440000,1429985,16702,1150,14.0098,6.1751,0.3881,0.0993,0.0644
SUPER_9,1440001,1460000,1449974,16060,1149,11.2755,11.5085,-0.0102,-0.0023,-0.0017
SUPER_9,1460001,1480000,1470188,16115,1062,8.9677,9.1471,-0.0099,-0.0021,-0.0015
SUPER_9,1480001,1500000,1490229,15755,849,7.2188,5.2818,0.155,0.0209,0.0165
SUPER_9,1500001,1520000,1509770,16570,861,7.5501,7.2377,0.0211,0.0041,0.003
SUPER_9,1520001,1540000,1530055,16852,790,9.0235,19.3524,-0.364,-0.1202,-0.0676
SUPER_9,1540001,1560000,1549866,16018,778,9.9957,3.1165,0.5246,0.1286,0.0843
SUPER_9,1560001,1580000,1570093,17556,751,14.5826,1.5697,0.8056,0.1687,0.1161
SUPER_9,1580001,1600000,1589994,16447,873,21.5714,4.8354,0.6338,0.1952,0.1492
SUPER_9,1600001,1620000,1609889,17397,743,4.9501,9.6536,-0.3221,-0.0899,-0.0571
SUPER_9,1620001,1640000,1628694,13503,872,5.7409,8.0627,-0.1682,-0.0422,-0.029
SUPER_9,1640001,1660000,1649938,16746,1208,12.5791,14.659,-0.0764,-0.0263,-0.0176
SUPER_9,1660001,1680000,1669772,15994,977,10.6785,5.9179,0.2868,0.0569,0.0425
SUPER_9,1680001,1700000,1690392,16567,831,18.4001,5.4579,0.5425,0.1802,0.119
SUPER_9,1700001,1720000,1710037,16634,1100,9.4022,24.4761,-0.4449,-0.1677,-0.1031
SUPER_9,1720001,1740000,1729897,15970,1111,5.4512,6.0514,-0.0522,-0.0101,-0.0071
SUPER_9,1740001,1760000,1749919,16286,1212,10.7464,9.1693,0.0792,0.0191,0.0133
SUPER_9,1760001,1780000,1770044,15721,837,13.757,10.8605,0.1177,0.0554,0.0333
SUPER_9,1780001,1800000,1788123,11619,682,6.7352,7.2749,-0.0385,-0.0091,-0.0058
SUPER_9,1800001,1820000,1809864,16735,1062,19.3976,11.1275,0.2709,0.0781,0.0513
SUPER_9,1820001,1840000,1830099,17058,982,8.477,6.2453,0.1516,0.0245,0.0181
SUPER_9,1840001,1860000,1849864,16113,923,6.1735,6.0792,0.0077,0.0014,0.001
SUPER_9,1860001,1880000,1870013,15648,959,6.0088,7.8682,-0.134,-0.0369,-0.0232
SUPER_9,1880001,1900000,1890065,17047,1008,7.9225,7.4409,0.0314,0.0061,0.004
SUPER_9,1900001,1920000,1910042,16513,1097,9.6306,6.8231,0.1706,0.0456,0.0296
SUPER_9,1920001,1940000,1930281,16145,985,5.7221,8.1253,-0.1735,-0.0509,-0.0295
SUPER_9,1940001,1960000,1949743,15658,850,3.3582,5.3203,-0.2261,-0.0373,-0.0236
SUPER_9,1960001,1980000,1971776,10942,874,6.1383,7.2766,-0.0849,-0.0235,-0.0144
SUPER_9,1980001,2000000,1990073,16447,1280,15.4023,11.0213,0.1658,0.0486,0.0349
SUPER_9,2000001,2020000,2010106,15353,1198,14.8766,6.5148,0.3909,0.0944,0.07
SUPER_9,2020001,2040000,2029442,13117,527,2.2588,1.9132,0.0828,0.007,0.0055
SUPER_9,2040001,2060000,2049821,16767,1030,23.455,14.8997,0.2231,0.1014,0.0639
SUPER_9,2060001,2080000,2069921,13975,1084,9.4421,14.0735,-0.1969,-0.042,-0.0301
SUPER_9,2080001,2100000,2090155,15733,1230,11.7648,10.1502,0.0737,0.0222,0.0148
SUPER_9,2100001,2120000,2110189,16430,1199,11.3756,11.1585,0.0096,0.0029,0.002
SUPER_9,2120001,2140000,2129671,16037,1136,12.2219,14.9876,-0.1016,-0.0444,-0.0231
SUPER_9,2140001,2160000,2150255,14475,1166,9.5082,6.2669,0.2055,0.0536,0.0343
SUPER_9,2160001,2180000,2170017,14790,1181,9.0542,12.0888,-0.1435,-0.0482,-0.0312
SUPER_9,2180001,2200000,2189851,15390,1387,12.4383,8.7021,0.1767,0.0521,0.036
SUPER_9,2200001,2220000,2209893,15191,1290,10.6001,9.3428,0.063,0.0197,0.0128
SUPER_9,2220001,2240000,2230244,14492,1265,10.7884,11.2709,-0.0219,-0.0065,-0.0046
SUPER_9,2240001,2260000,2250170,14187,1134,5.8453,8.575,-0.1893,-0.0381,-0.0266
SUPER_9,2260001,2280000,2270393,16101,922,18.963,29.3045,-0.2143,-0.0851,-0.0577
SUPER_9,2280001,2300000,2290013,18108,819,8.7793,5.1865,0.2573,0.0311,0.0208
SUPER_9,2300001,2320000,2309856,16821,1027,27.3836,14.9338,0.2942,0.1143,0.076
SUPER_9,2320001,2340000,2329802,15649,1061,18.7363,18.4539,0.0076,0.0022,0.0016
SUPER_9,2340001,2360000,2350039,16226,770,7.8658,6.8256,0.0708,0.012,0.008
SUPER_9,2360001,2380000,2369786,16435,892,2.403,3.5725,-0.1957,-0.0248,-0.0156
SUPER_9,2380001,2400000,2390008,15984,1064,13.7272,11.2513,0.0991,0.0401,0.0268
SUPER_9,2400001,2420000,2410036,17293,1065,9.2986,12.2029,-0.1351,-0.0386,-0.0245
SUPER_9,2420001,2440000,2429889,16223,1048,9.5916,10.3596,-0.0385,-0.0085,-0.0065
SUPER_9,2440001,2460000,2450280,16292,1070,6.2483,5.91,0.0278,0.007,0.0045
SUPER_9,2460001,2480000,2469966,16951,1247,13.3031,9.7239,0.1554,0.0565,0.0353
SUPER_9,2480001,2500000,2490123,16690,1081,5.7623,6.5532,-0.0642,-0.0131,-0.0085
SUPER_9,2500001,2520000,2509853,15486,933,11.2597,4.3198,0.4455,0.106,0.0783
SUPER_9,2520001,2540000,2530111,16740,970,7.7206,6.3347,0.0986,0.0207,0.0149
SUPER_9,2540001,2560000,2549901,16672,927,13.7829,14.8771,-0.0382,-0.0134,-0.0095
SUPER_9,2560001,2580000,2570107,16056,1050,9.884,10.4434,-0.0275,-0.0076,-0.0058
SUPER_9,2580001,2600000,2589747,16842,926,5.2607,5.4156,-0.0145,-0.0031,-0.002
SUPER_9,2600001,2620000,2610154,17735,709,9.5394,7.5953,0.1135,0.0363,0.0252
SUPER_9,2620001,2640000,2629990,18173,842,6.5285,5.0944,0.1234,0.0267,0.0192
SUPER_9,2640001,2660000,2649868,17079,663,7.0088,4.6347,0.2039,0.049,0.0385
SUPER_9,2660001,2680000,2669913,16444,1024,15.6407,8.6604,0.2872,0.0617,0.0465
SUPER_9,2680001,2700000,2690050,15637,743,5.7551,4.4794,0.1246,0.0212,0.0167
SUPER_9,2700001,2720000,2709932,16376,962,9.7445,5.4761,0.2804,0.063,0.0431
SUPER_9,2720001,2740000,2730107,16560,1025,14.029,10.0009,0.1676,0.0555,0.0376
SUPER_9,2740001,2760000,2750200,16975,980,6.7138,9.4362,-0.1686,-0.0419,-0.0284
SUPER_9,2760001,2780000,2770102,16355,1078,11.6593,9.489,0.1026,0.0323,0.0207
SUPER_9,2780001,2800000,2790094,16878,917,4.8651,7.8341,-0.2338,-0.0399,-0.0297
SUPER_9,2800001,2820000,2810162,16049,932,10.0841,8.7763,0.0693,0.0223,0.015
SUPER_9,2820001,2840000,2829931,16170,1049,10.2081,7.8414,0.1311,0.028,0.0189
SUPER_9,2840001,2860000,2850020,15997,882,9.9719,8.6315,0.0721,0.0167,0.0111
SUPER_9,2860001,2880000,2870150,16607,939,8.4673,5.6893,0.1962,0.0474,0.0314
SUPER_9,2880001,2900000,2890050,16707,854,5.5489,4.8717,0.065,0.011,0.0075
SUPER_9,2900001,2920000,2909966,16725,838,8.4355,8.9417,-0.0291,-0.0052,-0.0037
SUPER_9,2920001,2940000,2929238,14895,890,21.1785,4.3654,0.6582,0.2273,0.1823
SUPER_9,2940001,2960000,2950182,15742,925,6.1079,12.1633,-0.3314,-0.0951,-0.0596
SUPER_9,2960001,2980000,2970241,16822,887,12.5977,5.2588,0.411,0.1103,0.0678
SUPER_9,2980001,3000000,2989975,16265,860,6.0765,6.0547,0.0018,0.0004,0.0002
SUPER_9,3000001,3020000,3010045,17049,809,7.5269,5.5219,0.1537,0.0315,0.0201
SUPER_9,3020001,3040000,3031026,14490,946,13.0161,4.598,0.4779,0.0937,0.0703
SUPER_9,3040001,3060000,3050158,16875,966,9.7635,8.5376,0.067,0.0168,0.0101
SUPER_9,3060001,3080000,3070078,16548,897,16.5333,8.7094,0.3099,0.1165,0.0654
SUPER_9,3080001,3100000,3089892,16080,969,10.2039,12.4206,-0.098,-0.0242,-0.0154
SUPER_9,3100001,3120000,3109854,16657,1055,8.6789,14.2407,-0.2427,-0.0582,-0.0414
SUPER_9,3120001,3140000,3130141,15995,867,11.3722,14.8512,-0.1327,-0.0547,-0.0321
SUPER_9,3140001,3160000,3149952,16182,815,9.9071,6.7883,0.1868,0.046,0.0272
SUPER_9,3160001,3180000,3169843,16663,984,16.5785,13.0169,0.1203,0.0345,0.0242
SUPER_9,3180001,3200000,3189943,15838,1202,9.0223,7.3383,0.1029,0.019,0.014
SUPER_9,3200001,3220000,3210355,17170,1078,6.5547,14.8975,-0.3889,-0.0991,-0.0619
SUPER_9,3220001,3240000,3229967,16670,1133,9.101,8.7815,0.0179,0.0046,0.0031
SUPER_9,3240001,3260000,3250172,17591,918,7.9655,6.8917,0.0723,0.0191,0.013
SUPER_9,3260001,3280000,3269824,16848,609,10.7017,6.1372,0.2711,0.0714,0.0501
SUPER_9,3280001,3300000,3289790,14227,1049,9.663,15.3317,-0.2268,-0.0978,-0.0528
SUPER_9,3300001,3320000,3310071,15565,1174,8.8262,7.1456,0.1052,0.0233,0.0165
SUPER_9,3320001,3340000,3329488,9856,888,13.1945,8.4658,0.2183,0.0787,0.0522
SUPER_9,3340001,3360000,3350670,14054,1099,9.3543,6.3018,0.195,0.0455,0.0316
SUPER_9,3360001,3380000,3369563,14676,1230,8.238,7.5743,0.042,0.0076,0.0055
SUPER_9,3380001,3400000,3390402,14561,989,16.5793,6.6102,0.4299,0.1531,0.1101
SUPER_9,3400001,3420000,3410002,15645,1066,17.4592,9.4376,0.2982,0.08,0.0606
SUPER_9,3420001,3440000,3427548,10792,802,7.5072,13.1994,-0.2749,-0.1358,-0.0713
SUPER_9,3440001,3460000,3449861,14930,1022,5.4197,10.0486,-0.2993,-0.0524,-0.0369
SUPER_9,3460001,3480000,3469843,15827,1135,7.3175,10.6272,-0.1844,-0.0528,-0.031
SUPER_9,3480001,3500000,3490087,15904,1184,13.5805,16.525,-0.0978,-0.0295,-0.0212
SUPER_9,3500001,3520000,3510355,15041,1186,10.8543,10.1756,0.0323,0.0095,0.0064
SUPER_9,3520001,3540000,3529747,15516,1125,11.4598,12.3684,-0.0381,-0.0081,-0.0058
SUPER_9,3540001,3560000,3547940,8784,592,5.5619,7.2543,-0.132,-0.0402,-0.0265
SUPER_9,3560001,3580000,3573693,137,4,nan,nan,nan,nan,nan
SUPER_9,3580001,3600000,3594761,8168,573,9.3043,3.3698,0.4682,0.1476,0.1113
SUPER_9,3600001,3620000,3610005,16196,1145,7.2651,8.6561,-0.0874,-0.0212,-0.0119
SUPER_9,3620001,3640000,3629979,16769,1122,8.1455,11.4584,-0.169,-0.049,-0.0312
SUPER_9,3640001,3660000,3650114,16663,1207,6.9813,11.8896,-0.2601,-0.0658,-0.0438
SUPER_9,3660001,3680000,3669993,16209,1007,6.7533,9.4124,-0.1645,-0.0473,-0.0262
SUPER_9,3680001,3700000,3689961,16936,1136,11.8883,7.4444,0.2299,0.0603,0.0429
SUPER_9,3700001,3720000,3709931,16597,1009,3.8074,6.5883,-0.2675,-0.0473,-0.0317
SUPER_9,3720001,3740000,3730136,16957,1072,4.7228,6.6308,-0.168,-0.0268,-0.0179
SUPER_9,3740001,3760000,3749963,16783,1020,9.3849,5.3308,0.2755,0.0642,0.0462
SUPER_9,3760001,3780000,3770107,16618,1065,8.924,10.9505,-0.102,-0.0293,-0.0195
SUPER_9,3780001,3800000,3789914,15877,1053,9.0522,7.3938,0.1008,0.0248,0.0176
SUPER_9,3800001,3820000,3810037,16592,995,5.0655,8.3896,-0.2471,-0.0632,-0.042
SUPER_9,3820001,3840000,3830088,16179,1174,7.8542,7.7671,0.0056,0.0014,0.001
SUPER_9,3840001,3860000,3850075,15772,1082,6.1344,5.6784,0.0386,0.0093,0.0061
SUPER_9,3860001,3880000,3868588,13390,939,6.9194,7.3332,-0.029,-0.0077,-0.0054
SUPER_9,3880001,3900000,3891223,11643,1013,13.6784,11.7815,0.0745,0.0267,0.0192
SUPER_9,3900001,3920000,3910002,15439,950,6.4851,3.347,0.3192,0.0702,0.0476
SUPER_9,3920001,3940000,3930267,16809,1106,8.6402,11.6498,-0.1483,-0.0532,-0.0337
SUPER_9,3940001,3960000,3949994,17193,941,12.5947,6.8202,0.2974,0.0947,0.0724
SUPER_9,3960001,3980000,3970107,16261,934,7.9978,4.6604,0.2637,0.0639,0.0455
SUPER_9,3980001,4000000,3989966,16316,1071,19.2508,9.5979,0.3346,0.1289,0.0816
SUPER_9,4000001,4020000,4009868,17788,660,4.1864,8.8113,-0.3558,-0.0988,-0.054
SUPER_9,4020001,4040000,4029823,16045,899,7.8446,7.1647,0.0453,0.0117,0.008
SUPER_9,4040001,4060000,4049890,16397,1032,7.2079,6.0141,0.0903,0.0189,0.0131
SUPER_9,4060001,4080000,4069472,13305,868,6.7194,4.8483,0.1618,0.0151,0.0127
SUPER_9,4080001,4100000,4090164,15640,1222,10.7696,10.4969,0.0128,0.0039,0.0025
SUPER_9,4100001,4120000,4110309,15511,1079,12.1069,8.7304,0.162,0.046,0.0327
SUPER_9,4120001,4140000,4129991,16553,1005,6.6847,6.6392,0.0034,0.0008,0.0005
SUPER_9,4140001,4160000,4149916,17373,1057,25.1368,6.6408,0.582,0.2175,0.1514
SUPER_9,4160001,4180000,4169897,17275,1210,8.0825,4.749,0.2598,0.0565,0.0377
SUPER_9,4180001,4200000,4190243,16338,1386,13.1661,13.8387,-0.0249,-0.0094,-0.0057
SUPER_9,4200001,4220000,4209991,16565,1237,11.5326,9.1445,0.1155,0.0356,0.0216
SUPER_9,4220001,4240000,4229940,16148,829,5.5641,9.462,-0.2594,-0.0645,-0.0407
SUPER_9,4240001,4260000,4249692,16591,807,4.9385,4.5535,0.0406,0.0069,0.0049
SUPER_9,4260001,4280000,4269947,17762,950,3.3615,5.2902,-0.2229,-0.0357,-0.0255
SUPER_9,4280001,4300000,4290036,17173,938,5.1302,9.668,-0.3066,-0.062,-0.0444
SUPER_9,4300001,4320000,4310472,16471,941,4.6875,11.6349,-0.4256,-0.1109,-0.0651
SUPER_9,4320001,4340000,4329797,16810,927,4.1858,4.3747,-0.0221,-0.0032,-0.002
SUPER_9,4340001,4360000,4349892,16558,726,2.211,2.2617,-0.0113,-0.0012,-0.0009
SUPER_9,4360001,4380000,4369793,17101,768,5.4612,7.1688,-0.1352,-0.0229,-0.017
SUPER_9,4380001,4400000,4389951,16850,611,6.9094,6.168,0.0567,0.0185,0.0112
SUPER_9,4400001,4420000,4410129,17223,1059,11.4773,7.9658,0.1806,0.0523,0.0323
SUPER_9,4420001,4440000,4429969,15936,1100,16.8486,17.3554,-0.0148,-0.0065,-0.0039
SUPER_9,4440001,4460000,4449246,13882,997,7.4203,6.0534,0.1015,0.0233,0.0153
SUPER_9,4460001,4480000,4470165,15064,1150,6.8216,5.7882,0.0819,0.0169,0.0103
SUPER_9,4480001,4500000,4490033,14581,989,8.634,8.1624,0.0281,0.0071,0.0048
SUPER_9,4500001,4520000,4510096,15593,1184,8.3431,10.6047,-0.1194,-0.0315,-0.0201
SUPER_9,4520001,4540000,4529158,13350,965,10.3551,5.8962,0.2744,0.0835,0.058
SUPER_9,4540001,4560000,4549911,14172,1066,8.1149,6.6434,0.0997,0.0209,0.0133
SUPER_9,4560001,4580000,4570014,13918,900,7.2082,7.4451,-0.0162,-0.0044,-0.0028
SUPER_9,4580001,4600000,4592956,8713,659,11.3305,7.586,0.1979,0.0731,0.0465
SUPER_9,4600001,4620000,4610381,14643,1133,8.571,12.6193,-0.191,-0.0397,-0.0285
SUPER_9,4620001,4640000,4629815,14618,940,8.0158,9.0494,-0.0606,-0.0147,-0.0103
SUPER_9,4640001,4660000,4650305,15390,697,5.617,5.9077,-0.0252,-0.0055,-0.0038
SUPER_9,4660001,4680000,4670156,13689,985,12.5609,10.095,0.1088,0.0344,0.0228
SUPER_9,4680001,4700000,4690467,13563,663,5.8182,4.2951,0.1506,0.036,0.0188
SUPER_9,4700001,4720000,4711334,12190,818,7.8567,8.9289,-0.0639,-0.0199,-0.012
SUPER_9,4720001,4740000,4729986,15627,1177,9.7504,12.1136,-0.1081,-0.036,-0.0206
SUPER_9,4740001,4760000,4748877,14668,1031,21.5658,8.8015,0.4203,0.1215,0.094
SUPER_9,4760001,4780000,4770790,14458,1050,9.1194,7.1674,0.1199,0.037,0.0222
SUPER_9,4780001,4800000,4790058,16209,1337,6.7717,9.093,-0.1463,-0.0335,-0.0217
SUPER_9,4800001,4820000,4810103,14911,1170,7.2805,6.9413,0.0238,0.0056,0.0038
SUPER_9,4820001,4840000,4830298,14277,1083,3.6695,9.0919,-0.4249,-0.0843,-0.0522
SUPER_9,4840001,4860000,4849310,14422,1120,14.6839,11.0631,0.1406,0.054,0.0369
SUPER_9,4860001,4880000,4870369,9650,700,6.4734,8.3241,-0.1251,-0.047,-0.0298
SUPER_9,4880001,4900000,4890252,14914,1258,4.6712,12.0034,-0.4397,-0.1075,-0.0658
SUPER_9,4900001,4920000,4909735,14690,1117,13.6793,9.4035,0.1852,0.0574,0.0424
SUPER_9,4920001,4940000,4929825,14891,1243,10.1527,10.9493,-0.0378,-0.0114,-0.0075
SUPER_9,4940001,4960000,4949733,15305,1272,10.3912,14.8783,-0.1776,-0.0575,-0.0372
SUPER_9,4960001,4980000,4969237,12813,1008,9.2372,8.5375,0.0394,0.0096,0.0072
SUPER_9,4980001,5000000,4989718,15396,1177,11.5477,10.6184,0.0419,0.0141,0.0095
SUPER_9,5000001,5020000,5012222,10913,956,10.4192,11.3439,-0.0425,-0.0149,-0.0101
SUPER_9,5020001,5040000,5030105,16427,1284,7.4115,7.905,-0.0322,-0.0054,-0.0036
SUPER_9,5040001,5060000,5050252,16755,1129,13.4641,10.165,0.1396,0.0298,0.0216
SUPER_9,5060001,5080000,5069722,16649,788,8.8361,9.189,-0.0196,-0.0063,-0.0038
SUPER_9,5080001,5100000,5090933,14238,974,9.1069,7.8987,0.071,0.0161,0.0119
SUPER_9,5100001,5120000,5109759,14953,993,7.5235,8.1845,-0.0421,-0.011,-0.0072
SUPER_9,5120001,5140000,5130061,16659,1124,13.3991,11.0889,0.0943,0.04,0.0252
SUPER_9,5140001,5160000,5149901,16798,1164,10.0391,8.4835,0.084,0.0172,0.0126
SUPER_9,5160001,5180000,5170091,16580,972,5.8432,5.715,0.0111,0.0021,0.0014
SUPER_9,5180001,5200000,5190225,16199,1004,10.4914,4.9045,0.3629,0.0832,0.0599
SUPER_9,5200001,5220000,5210087,17281,815,5.0637,2.3921,0.3583,0.0439,0.0298
SUPER_9,5220001,5240000,5230087,16158,1136,6.5997,8.537,-0.128,-0.0284,-0.0199
SUPER_9,5240001,5260000,5250157,15789,1033,7.9218,10.5731,-0.1434,-0.0361,-0.0241
SUPER_9,5260001,5280000,5269709,16126,1198,8.476,6.1918,0.1557,0.0295,0.0216
SUPER_9,5280001,5300000,5290805,13540,1013,10.1871,17.6849,-0.269,-0.1014,-0.065
SUPER_9,5300001,5320000,5310211,15592,1133,6.3522,7.0689,-0.0534,-0.0127,-0.0084
SUPER_9,5320001,5340000,5330095,15399,1068,7.4965,6.7332,0.0536,0.0134,0.0089
SUPER_9,5340001,5360000,5350046,16054,1301,10.4337,9.1134,0.0675,0.0159,0.0109
SUPER_9,5360001,5380000,5371568,13693,901,9.4023,7.2923,0.1264,0.0362,0.0245
SUPER_9,5380001,5400000,5390146,16720,1006,7.9759,5.959,0.1447,0.026,0.0162
SUPER_9,5400001,5420000,5409821,16193,849,6.8252,2.0969,0.53,0.0681,0.0458
SUPER_9,5420001,5440000,5430077,15279,1086,7.8427,11.3329,-0.182,-0.0418,-0.0299
SUPER_9,5440001,5460000,5450069,16542,1275,20.6466,8.1362,0.4346,0.1321,0.0942
SUPER_9,5460001,5480000,5469543,16175,1189,8.8827,14.0367,-0.2249,-0.0867,-0.0523
SUPER_9,5480001,5500000,5489935,16237,1321,8.0696,7.3897,0.044,0.0083,0.0057
SUPER_9,5500001,5520000,5509990,15493,1133,6.7637,9.2703,-0.1563,-0.0413,-0.0286
SUPER_9,5520001,5540000,5529965,15256,1139,9.2243,8.9606,0.0145,0.0049,0.0031
SUPER_9,5540001,5560000,5550219,16042,1129,7.6242,11.2455,-0.1919,-0.0524,-0.0332
SUPER_9,5560001,5580000,5569880,16540,973,9.935,6.1983,0.2316,0.0594,0.041
SUPER_9,5580001,5600000,5587530,11120,813,6.9539,9.2324,-0.1408,-0.0576,-0.0323
SUPER_9,5600001,5620000,5608334,12277,808,9.9141,4.3829,0.3869,0.0891,0.067
SUPER_9,5620001,5640000,5634106,8481,486,7.5525,8.3075,-0.0476,-0.0139,-0.0101
SUPER_9,5640001,5660000,5650113,11810,709,7.0944,6.8861,0.0149,0.0045,0.0028
SUPER_9,5660001,5680000,5669970,15386,1368,11.0903,11.2792,-0.0084,-0.0027,-0.0018
SUPER_9,5680001,5700000,5690075,15951,1102,9.536,7.7332,0.1044,0.0255,0.0172
SUPER_9,5700001,5720000,5710031,14449,1102,12.9454,6.185,0.3534,0.0862,0.0562
SUPER_9,5720001,5740000,5730086,15426,1231,12.0968,10.9754,0.0486,0.0152,0.0103
SUPER_9,5740001,5760000,5750094,15347,1074,8.3679,5.9186,0.1714,0.0314,0.0213
SUPER_9,5760001,5780000,5770454,16041,811,6.0772,5.0426,0.093,0.0156,0.0105
SUPER_9,5780001,5800000,5790519,15033,1131,19.2386,8.4212,0.3911,0.172,0.1027
SUPER_9,5800001,5820000,5810009,16768,1162,6.2665,5.4152,0.0729,0.0125,0.0089
SUPER_9,5820001,5840000,5829838,15349,1095,4.3301,6.3138,-0.1864,-0.0283,-0.0188
SUPER_9,5840001,5860000,5849993,17121,891,3.3253,6.8462,-0.3462,-0.0632,-0.0414
SUPER_9,5860001,5880000,5869795,15640,1003,7.8758,11.0346,-0.167,-0.0301,-0.0227
SUPER_9,5880001,5900000,5890205,14403,1179,6.5405,8.6455,-0.1386,-0.0281,-0.0207
SUPER_9,5900001,5920000,5909689,10348,572,8.2289,5.8063,0.1726,0.088,0.0493
SUPER_9,5920001,5940000,5929716,14190,997,6.7639,3.9059,0.2679,0.0358,0.0263
SUPER_9,5940001,5960000,5950317,15976,1121,8.8869,7.656,0.0744,0.0189,0.0128
SUPER_9,5960001,5980000,5969731,16098,1351,12.3145,7.4061,0.2489,0.0512,0.0339
SUPER_9,5980001,6000000,5989964,16763,1102,4.744,5.7596,-0.0967,-0.0141,-0.0102
SUPER_9,6000001,6020000,6009059,14810,1220,8.4692,7.9463,0.0319,0.0078,0.0054
SUPER_9,6020001,6040000,6030673,9378,495,5.882,3.6645,0.2323,0.0554,0.0356
SUPER_9,6040001,6060000,6050168,13859,1071,8.9507,6.3903,0.1669,0.0376,0.0243
SUPER_9,6060001,6080000,6069350,13976,1129,10.4974,6.7094,0.2201,0.053,0.0349
SUPER_9,6080001,6100000,6090576,12173,1146,6.8083,5.1018,0.1433,0.0339,0.0223
SUPER_9,6100001,6120000,6109852,15527,1188,7.5547,9.6501,-0.1218,-0.0384,-0.0212
SUPER_9,6120001,6140000,6130269,15006,1255,9.1962,8.4946,0.0397,0.0108,0.0074
SUPER_9,6140001,6160000,6149859,15617,1354,13.1031,8.092,0.2364,0.0514,0.0388
SUPER_9,6160001,6180000,6170195,17272,850,8.8787,6.8053,0.1322,0.0285,0.0189
SUPER_9,6180001,6200000,6191431,12215,725,16.5542,5.8479,0.4779,0.1277,0.0927
SUPER_9,6200001,6220000,6208144,13048,730,15.6311,4.5289,0.5507,0.1886,0.1315
SUPER_9,6220001,6240000,6229939,16047,800,11.3443,2.7435,0.6105,0.1388,0.0986
SUPER_9,6240001,6260000,6250149,16018,950,8.9792,21.905,-0.4185,-0.1917,-0.1192
SUPER_9,6260001,6280000,6270011,15810,948,6.4453,5.157,0.111,0.0225,0.0155
SUPER_9,6280001,6300000,6289647,16259,869,5.4254,8.4641,-0.2188,-0.0472,-0.0311
SUPER_9,6300001,6320000,6309939,16600,933,7.2007,4.8776,0.1923,0.0346,0.0234
SUPER_9,6320001,6340000,6329831,16455,942,7.5278,8.5321,-0.0625,-0.0128,-0.0087
SUPER_9,6340001,6360000,6349862,16651,878,9.5268,8.6968,0.0455,0.0141,0.0072
SUPER_9,6360001,6380000,6369593,14183,916,9.962,16.9281,-0.2591,-0.1501,-0.0715
SUPER_9,6380001,6400000,6390755,12027,682,11.1828,6.2864,0.2803,0.0965,0.0594
SUPER_9,6400001,6420000,6409949,16329,1096,6.9833,40.9852,-0.7088,-0.5304,-0.2553
SUPER_9,6420001,6440000,6430115,14671,886,8.3392,8.5229,-0.0109,-0.0034,-0.0022
SUPER_9,6440001,6460000,6449347,15259,1036,18.7878,12.3765,0.2057,0.0616,0.0419
SUPER_9,6460001,6480000,6470171,16371,1189,13.2078,12.758,0.0173,0.0047,0.003
SUPER_9,6480001,6500000,6490336,15423,1009,13.2546,11.1038,0.0883,0.0287,0.0184
SUPER_9,6500001,6520000,6509689,16397,1255,10.3911,10.1863,0.01,0.002,0.0015
SUPER_9,6520001,6540000,6528461,10854,797,12.7103,4.2887,0.4954,0.1533,0.1154
SUPER_9,6540001,6560000,6550667,14834,1115,14.504,9.5342,0.2067,0.0631,0.0441
SUPER_9,6560001,6580000,6570163,16141,1074,16.4484,18.1314,-0.0487,-0.023,-0.0138
SUPER_9,6580001,6600000,6589938,16292,1156,7.3221,4.6574,0.2224,0.0385,0.027
SUPER_9,6600001,6620000,6610016,16676,1120,10.6828,10.7929,-0.0051,-0.0018,-0.0011
SUPER_9,6620001,6640000,6630052,16332,1247,6.2337,8.6928,-0.1647,-0.0321,-0.0216
SUPER_9,6640001,6660000,6650125,16551,1233,9.6984,5.3045,0.2929,0.0637,0.046
SUPER_9,6660001,6680000,6669980,17229,1206,16.318,10.7068,0.2076,0.0593,0.0387
SUPER_9,6680001,6700000,6690011,16538,1330,25.9072,14.0608,0.2964,0.1101,0.078
SUPER_9,6700001,6720000,6711263,13138,1074,8.7172,8.2735,0.0261,0.0072,0.0046
SUPER_9,6720001,6740000,6730085,15976,1174,14.8273,21.3039,-0.1793,-0.0743,-0.0464
SUPER_9,6740001,6760000,6749866,15874,1223,7.5168,4.4019,0.2613,0.0375,0.0253
SUPER_9,6760001,6780000,6770771,14950,1441,11.751,18.6992,-0.2282,-0.0855,-0.0479
SUPER_9,6780001,6800000,6789871,16178,1258,15.9873,12.9023,0.1068,0.0315,0.0191
SUPER_9,6800001,6820000,6808598,12609,908,7.6283,8.427,-0.0497,-0.0139,-0.0085
SUPER_9,6820001,6840000,6828979,13358,954,9.1116,11.8946,-0.1325,-0.0359,-0.0232
SUPER_9,6840001,6860000,6849780,16011,1253,8.0217,11.8026,-0.1907,-0.0506,-0.0307
SUPER_9,6860001,6880000,6870867,14205,989,9.6343,5.4043,0.2813,0.0605,0.044
SUPER_9,6880001,6900000,6890354,14302,971,10.0064,6.1368,0.2397,0.079,0.0497
SUPER_9,6900001,6920000,6909899,15589,1234,9.7944,9.3051,0.0256,0.0062,0.0036
SUPER_9,6920001,6940000,6929018,8636,535,15.6493,5.7384,0.4634,0.1454,0.1085
SUPER_9,6940001,6960000,6950588,15319,998,8.2437,16.5138,-0.334,-0.1088,-0.0664
SUPER_9,6960001,6980000,6970054,15894,1370,18.7266,12.3636,0.2047,0.0555,0.0409
SUPER_9,6980001,7000000,6991721,12593,952,8.9878,12.992,-0.1822,-0.0755,-0.0445
SUPER_9,7000001,7020000,7009997,15478,1292,26.8331,28.6181,-0.0322,-0.0228,-0.0132
SUPER_9,7020001,7040000,7028767,12273,1147,18.2296,13.4223,0.1519,0.0545,0.0387
SUPER_9,7040001,7060000,7049675,14966,999,5.7821,5.2787,0.0455,0.0088,0.0058
SUPER_9,7060001,7080000,7070095,15688,1199,9.693,6.9166,0.1672,0.0422,0.0287
SUPER_9,7080001,7100000,7089839,15884,1121,12.046,8.3703,0.18,0.058,0.0382
SUPER_9,7100001,7120000,7110073,16432,1190,9.4946,13.6386,-0.1791,-0.0543,-0.0349
SUPER_9,7120001,7140000,7129783,16346,1075,7.8187,8.7976,-0.0589,-0.0138,-0.0077
SUPER_9,7140001,7160000,7150247,15057,1121,10.6602,8.4756,0.1142,0.0296,0.0192
SUPER_9,7160001,7180000,7169231,14152,1055,39.7119,2.8487,0.8661,0.4055,0.3095
SUPER_9,7180001,7200000,7190167,16849,1205,8.8488,8.5334,0.0181,0.0054,0.0032
SUPER_9,7200001,7220000,7211841,13526,792,12.4578,14.5921,-0.0789,-0.0389,-0.019
SUPER_9,7220001,7240000,7229856,15741,886,11.0327,7.4159,0.196,0.0479,0.031
SUPER_9,7240001,7260000,7250281,16420,1073,5.6328,4.0871,0.159,0.0225,0.0153
SUPER_9,7260001,7280000,7270020,17343,1001,10.1823,11.7018,-0.0694,-0.013,-0.0086
SUPER_9,7280001,7300000,7290214,16864,1043,25.3969,17.7461,0.1773,0.0654,0.0358
SUPER_9,7300001,7320000,7310209,15132,917,25.4084,8.6261,0.4931,0.2004,0.1253
SUPER_9,7320001,7340000,7330135,16218,944,12.1155,24.9752,-0.3467,-0.1076,-0.0696
SUPER_9,7340001,7360000,7350016,16187,1325,11.4353,11.7973,-0.0156,-0.0039,-0.0024
SUPER_9,7360001,7380000,7369667,14215,943,78.782,8.4576,0.8061,0.5281,0.4368
SUPER_9,7380001,7400000,7389895,15782,1124,55.7976,5.6456,0.8162,0.3505,0.2904
SUPER_9,7400001,7420000,7409822,15015,1046,25.6021,19.5863,0.1331,0.0837,0.0411
SUPER_9,7420001,7440000,7431402,12647,985,16.0739,11.6554,0.1593,0.0612,0.0369
SUPER_9,7440001,7460000,7448987,14780,1201,12.0836,17.2798,-0.177,-0.0733,-0.0428
SUPER_9,7460001,7480000,7469491,12448,1109,6.8449,6.4563,0.0292,0.0054,0.0039
SUPER_9,7480001,7500000,7490382,13622,943,45.7635,13.628,0.5411,0.3319,0.2369
SUPER_9,7500001,7520000,7510045,16328,1373,28.9052,37.3974,-0.1281,-0.0672,-0.046
SUPER_9,7520001,7540000,7529512,14660,1161,19.9197,13.8352,0.1803,0.0676,0.0472
SUPER_9,7540001,7560000,7550235,15253,1063,14.5697,10.7502,0.1508,0.0406,0.0259
SUPER_9,7560001,7580000,7569795,16331,1216,20.2444,7.8765,0.4398,0.1073,0.0776
SUPER_9,7580001,7600000,7588652,13844,948,13.8743,1.9669,0.7517,0.1378,0.11
SUPER_9,7600001,7620000,7610564,12890,899,12.2268,2.632,0.6457,0.1395,0.099
SUPER_9,7620001,7640000,7629968,15004,1206,44.2041,12.8566,0.5494,0.2241,0.1787
SUPER_9,7640001,7660000,7650241,14267,885,14.4962,4.1715,0.5531,0.109,0.0835
SUPER_9,7660001,7680000,7669939,15456,1060,20.8446,9.3603,0.3802,0.1442,0.0955
SUPER_9,7680001,7700000,7689841,16576,1044,13.2536,3.1554,0.6154,0.1808,0.1073
SUPER_9,7700001,7720000,7710430,12549,725,8.2207,1.6308,0.6689,0.1576,0.0884
SUPER_9,7720001,7740000,7729846,10023,607,25.9711,2.462,0.8268,0.3552,0.2317
SUPER_9,7740001,7760000,7749266,10992,543,7.1616,31.7113,-0.6315,-0.5482,-0.2487
SUPER_9,7760001,7780000,7769177,11905,704,20.0568,16.0174,0.112,0.0596,0.0398
SUPER_9,7780001,7800000,7789579,12676,765,23.8886,3.4042,0.7505,0.2985,0.1926
SUPER_9,7800001,7820000,7813496,10341,628,4.7603,10.3719,-0.3708,-0.0496,-0.0397
SUPER_9,7820001,7840000,7829279,14434,1162,58.5783,5.4844,0.8288,0.3562,0.263
SUPER_9,7840001,7860000,7848403,11840,787,69.3821,2.7946,0.9226,0.3964,0.3433
SUPER_9,7860001,7880000,7871105,14916,1134,71.2357,5.9709,0.8453,0.2996,0.2601
SUPER_9,7880001,7900000,7890173,15342,840,32.8929,9.0869,0.5671,0.1303,0.1074
SUPER_9,7900001,7920000,7909963,14121,926,33.3576,31.0958,0.0351,0.0111,0.0075
SUPER_9,7920001,7940000,7930015,16875,1061,41.3623,11.5009,0.5649,0.1495,0.1256
SUPER_9,7940001,7960000,7950406,14714,1185,40.4955,28.0525,0.1815,0.0935,0.0587
SUPER_9,7960001,7980000,7969838,16191,1245,38.8007,19.0609,0.3412,0.1785,0.0891
SUPER_9,7980001,8000000,7991716,12390,781,23.7089,19.9649,0.0857,0.0292,0.02
SUPER_9,8000001,8020000,8009818,16510,991,75.3644,20.9449,0.565,0.246,0.162
SUPER_9,8020001,8040000,8030098,17038,1386,95.7744,10.5051,0.8023,0.319,0.282
SUPER_9,8040001,8060000,8050833,12621,798,51.8322,3.8468,0.8618,0.2714,0.2408
SUPER_9,8060001,8080000,8070139,17214,1363,39.5834,31.8275,0.1086,0.0455,0.0301
SUPER_9,8080001,8100000,8090136,16007,779,9.5267,2.5354,0.5796,0.0427,0.0364
SUPER_9,8100001,8120000,8111541,10711,755,14.0181,5.8785,0.4091,0.089,0.0706
SUPER_9,8120001,8140000,8130154,16229,1041,24.3975,39.7975,-0.2399,-0.1075,-0.0655
SUPER_9,8140001,8160000,8150081,16418,1046,45.1504,7.2497,0.7233,0.1638,0.1438
SUPER_9,8160001,8180000,8170170,16281,1012,26.971,9.0753,0.4965,0.0737,0.0614
SUPER_9,8180001,8200000,8190026,17721,866,11.9684,14.9471,-0.1107,-0.0293,-0.0177
SUPER_9,8200001,8220000,8209948,17081,1070,35.2394,25.4153,0.162,0.054,0.0309
SUPER_9,8220001,8240000,8230655,14347,914,105.3408,10.1942,0.8235,0.5555,0.4921
SUPER_9,8240001,8260000,8249977,17087,1374,30.6602,27.8757,0.0476,0.0263,0.0159
SUPER_9,8260001,8280000,8270027,16804,1130,15.8904,15.3363,0.0177,0.0059,0.0037
SUPER_9,8280001,8300000,8287961,13117,927,25.5011,2.4551,0.8244,0.2002,0.1632
SUPER_9,8300001,8320000,8311578,13953,1050,81.0681,16.2784,0.6656,0.4093,0.2149
SUPER_9,8320001,8340000,8329578,15468,778,172.7501,0.7801,0.991,0.6302,0.5808
SUPER_9,8340001,8360000,8350856,13675,501,5.6722,1.2781,0.6322,0.1067,0.0516
SUPER_9,8360001,8380000,8369930,17040,581,7.0,0.8674,0.7795,0.0948,0.0322
SUPER_9,8380001,8400000,8390174,17042,677,14.2785,2.3182,0.7206,0.1912,0.055
SUPER_9,8400001,8420000,8410206,15759,720,37.3265,3.5417,0.8267,0.3071,0.208
SUPER_9,8420001,8440000,8429991,16379,673,9.4389,3.116,0.5036,0.119,0.0814
SUPER_9,8440001,8460000,8449928,16536,690,12.2524,9.1597,0.1444,0.0326,0.0256
SUPER_9,8460001,8480000,8470008,16898,798,7.32,9.1313,-0.1101,-0.0169,-0.0136
SUPER_9,8480001,8500000,8490011,17769,690,1.8936,19.8195,-0.8256,-0.222,-0.1511
SUPER_9,8500001,8520000,8509742,17490,775,3.9569,43.4264,-0.833,-0.3941,-0.2091
SUPER_9,8520001,8540000,8529999,16906,896,0.7062,14.4062,-0.9065,-0.1359,-0.1014
SUPER_9,8540001,8560000,8549888,16677,915,7.447,6.5353,0.0652,0.0056,0.0049
SUPER_9,8560001,8580000,8570117,17193,882,8.0822,6.3114,0.123,0.0128,0.0103
SUPER_9,8580001,8600000,8590217,16613,718,27.7417,7.0646,0.5941,0.1344,0.1049
SUPER_9,8600001,8620000,8610078,16515,1006,10.9431,6.0292,0.2895,0.0288,0.0242
SUPER_9,8620001,8640000,8630264,16061,879,27.7408,5.7547,0.6564,0.1214,0.104
SUPER_9,8640001,8660000,8649835,17267,727,36.8686,4.3641,0.7883,0.2496,0.2026
SUPER_9,8660001,8680000,8669950,17769,752,29.0247,3.8552,0.7655,0.1905,0.1447
SUPER_9,8680001,8700000,8689672,16605,877,12.3285,5.1403,0.4115,0.0537,0.0434
SUPER_9,8700001,8720000,8710034,17517,1060,25.9417,11.7723,0.3757,0.0892,0.0653
SUPER_9,8720001,8740000,8730039,16351,1132,43.2654,7.6793,0.6985,0.2197,0.1876
SUPER_9,8740001,8760000,8750008,16882,1203,13.8943,12.2667,0.0622,0.0137,0.0099
SUPER_9,8760001,8780000,8770014,14972,1036,12.5947,48.7819,-0.5896,-0.2618,-0.1527
SUPER_9,8780001,8800000,8789550,15254,1003,21.2176,8.3504,0.4352,0.084,0.0618
SUPER_9,8800001,8820000,8811328,13749,820,19.764,16.1921,0.0993,0.023,0.0177
SUPER_9,8820001,8840000,8830080,15002,918,21.1883,7.1144,0.4973,0.0869,0.0699
SUPER_9,8840001,8860000,8850016,16103,1107,31.1193,13.2622,0.4024,0.1196,0.088
SUPER_9,8860001,8880000,8869807,16630,1045,5.4176,12.0564,-0.3799,-0.0251,-0.0206
SUPER_9,8880001,8900000,8890020,15772,958,47.76,8.6446,0.6935,0.2558,0.1958
SUPER_9,8900001,8920000,8909898,17292,810,15.5504,7.7631,0.334,0.0756,0.0523
SUPER_9,8920001,8940000,8930349,16787,718,25.62,10.7429,0.4091,0.1564,0.1012
SUPER_9,8940001,8960000,8950094,16779,851,27.2551,14.7289,0.2984,0.171,0.0998
SUPER_9,8960001,8980000,8969654,14812,767,48.1554,3.5366,0.8632,0.2784,0.2295
SUPER_9,8980001,9000000,8990283,16595,872,54.8496,3.4998,0.88,0.2777,0.2317
SUPER_9,9000001,9020000,9011151,14029,818,16.8714,14.7503,0.0671,0.015,0.0112
SUPER_9,9020001,9040000,9029848,16247,1160,17.187,22.4245,-0.1322,-0.0488,-0.0286
SUPER_9,9040001,9060000,9050377,14879,1117,13.6269,19.8712,-0.1864,-0.0793,-0.0427
SUPER_9,9060001,9080000,9070114,16978,773,11.5426,6.2999,0.2938,0.0788,0.0583
SUPER_9,9080001,9100000,9089053,13678,633,3.7804,1.6096,0.4027,0.0375,0.0268
SUPER_9,9100001,9120000,9109917,15627,1070,9.2786,7.7788,0.0879,0.0194,0.0121
SUPER_9,9120001,9140000,9130245,16215,989,12.2041,10.6341,0.0687,0.013,0.009
SUPER_9,9140001,9160000,9149848,15970,964,11.2531,7.8878,0.1758,0.0373,0.0277
SUPER_9,9160001,9180000,9170454,14985,1250,19.0429,12.5215,0.2066,0.0631,0.0452
SUPER_9,9180001,9200000,9190215,16806,917,15.5026,7.6702,0.338,0.0927,0.0681
SUPER_9,9200001,9220000,9210004,16247,844,16.2937,60.8276,-0.5775,-0.5744,-0.2553
SUPER_9,9220001,9240000,9229927,15958,1307,29.1012,14.7539,0.3272,0.0957,0.0702
SUPER_9,9240001,9260000,9250043,16385,1106,20.3585,14.2008,0.1782,0.0724,0.0478
SUPER_9,9260001,9280000,9270101,15836,1079,7.319,12.8199,-0.2732,-0.0545,-0.034
SUPER_9,9280001,9300000,9290024,16667,973,9.6527,9.2624,0.0206,0.0044,0.0029
SUPER_9,9300001,9320000,9309940,16791,1016,8.5473,11.3054,-0.1389,-0.0403,-0.0255
SUPER_9,9320001,9340000,9329698,15455,808,6.7362,7.156,-0.0302,-0.0069,-0.0044
SUPER_9,9340001,9360000,9349999,15088,1216,16.5226,10.9786,0.2016,0.0593,0.0432
SUPER_9,9360001,9380000,9367924,12928,630,6.9578,4.525,0.2119,0.0446,0.0306
SUPER_9,9380001,9400000,9389857,16396,822,3.1043,10.1109,-0.5302,-0.1329,-0.0881
SUPER_9,9400001,9420000,9410171,15603,877,10.4775,8.0827,0.129,0.0334,0.024
SUPER_9,9420001,9440000,9429873,15737,866,8.7991,4.9101,0.2837,0.0626,0.0466
SUPER_9,9440001,9460000,9450142,16200,838,13.479,8.0471,0.2523,0.0684,0.0484
SUPER_9,9460001,9480000,9470056,16117,1075,9.0094,12.8304,-0.175,-0.0568,-0.036
SUPER_9,9480001,9500000,9489788,16990,788,4.9175,8.0533,-0.2418,-0.0587,-0.0361
SUPER_9,9500001,9520000,9509723,16354,752,5.6715,5.8483,-0.0153,-0.0028,-0.0019
SUPER_9,9520001,9540000,9530311,15335,939,11.2341,6.5466,0.2636,0.0764,0.0532
SUPER_9,9540001,9560000,9549997,16692,1038,5.4161,9.2976,-0.2638,-0.0575,-0.0401
SUPER_9,9560001,9580000,9569997,16452,812,6.4062,5.8001,0.0497,0.0093,0.0067
SUPER_9,9580001,9600000,9589877,16433,841,8.0951,6.509,0.1086,0.0226,0.0158
SUPER_9,9600001,9620000,9610223,16843,700,4.3259,6.1558,-0.1746,-0.0393,-0.0248
SUPER_9,9620001,9640000,9629856,16978,742,5.3786,5.3842,-0.0005,-0.0002,-0.0001
SUPER_9,9640001,9660000,9649785,16658,755,4.8436,4.9425,-0.0101,-0.0026,-0.0018
SUPER_9,9660001,9680000,9669846,16168,576,5.4948,2.6142,0.3552,0.0571,0.0406
SUPER_9,9680001,9700000,9690042,16658,888,15.9688,6.3631,0.4301,0.1196,0.0837
SUPER_9,9700001,9720000,9709793,15860,858,7.8302,5.1639,0.2052,0.0463,0.0301
SUPER_9,9720001,9740000,9730426,15740,851,8.0829,4.6498,0.2696,0.0768,0.0472
SUPER_9,9740001,9760000,9750128,16749,859,9.1125,6.6685,0.1549,0.0442,0.031
SUPER_9,9760001,9780000,9769792,16724,1095,12.6728,11.2395,0.0599,0.0227,0.0154
SUPER_9,9780001,9800000,9789726,16996,953,12.5697,9.1758,0.1561,0.0508,0.0369
SUPER_9,9800001,9820000,9809964,16955,770,6.2369,5.4573,0.0667,0.0151,0.0109
SUPER_9,9820001,9840000,9830294,16441,723,4.9903,6.0174,-0.0933,-0.0136,-0.0099
SUPER_9,9840001,9860000,9849973,16223,948,6.0497,6.5089,-0.0366,-0.0087,-0.0059
SUPER_9,9860001,9880000,9870046,16868,1010,12.8512,9.9149,0.129,0.047,0.0319
SUPER_9,9880001,9900000,9889945,16014,1040,10.2458,7.7447,0.139,0.0492,0.0271
SUPER_9,9900001,9920000,9910248,16301,971,7.9439,7.0085,0.0626,0.017,0.0107
SUPER_9,9920001,9940000,9930045,15446,895,12.5397,8.0769,0.2165,0.0574,0.0418
SUPER_9,9940001,9960000,9949674,15171,956,9.9902,7.2549,0.1586,0.0415,0.0285
SUPER_9,9960001,9980000,9969801,15146,933,7.2113,13.5,-0.3036,-0.1063,-0.0594
SUPER_9,9980001,10000000,9989682,14334,938,9.4663,6.8155,0.1628,0.0477,0.0325
SUPER_9,10000001,10020000,10009978,15811,1152,13.9711,4.9848,0.4741,0.1154,0.0812
SUPER_9,10020001,10040000,10030248,16317,957,9.2999,14.0827,-0.2045,-0.0653,-0.0379
SUPER_9,10040001,10060000,10051160,13951,808,18.5036,8.9505,0.348,0.1396,0.0906
SUPER_9,10060001,10080000,10069826,15323,937,7.2758,6.1187,0.0864,0.0247,0.0166
SUPER_9,10080001,10100000,10090091,15817,832,4.5315,6.4964,-0.1782,-0.0355,-0.0251
SUPER_9,10100001,10120000,10110040,16163,1009,10.0471,7.0089,0.1781,0.0488,0.0342
SUPER_9,10120001,10140000,10129984,17022,916,19.2345,8.93,0.3659,0.1533,0.0869
SUPER_9,10140001,10160000,10150005,16981,824,14.0756,14.6472,-0.0199,-0.0071,-0.0047
SUPER_9,10160001,10180000,10169751,16850,1005,14.667,6.1177,0.4113,0.1098,0.0783
SUPER_9,10180001,10200000,10190280,14312,1035,8.0694,12.8934,-0.2301,-0.0905,-0.0486
SUPER_9,10200001,10220000,10210045,16529,1153,12.1971,5.8608,0.3509,0.0864,0.0535
SUPER_9,10220001,10240000,10229992,16647,1074,4.6106,5.0693,-0.0474,-0.0088,-0.0056
SUPER_9,10240001,10260000,10249960,16220,1126,8.4255,11.177,-0.1404,-0.0441,-0.0298
SUPER_9,10260001,10280000,10269930,15125,983,13.2125,8.1017,0.2398,0.0753,0.0517
SUPER_9,10280001,10300000,10289956,16640,1125,16.9037,8.7644,0.3171,0.0771,0.0523
SUPER_9,10300001,10320000,10310088,15481,1100,7.7876,7.7083,0.0051,0.0014,0.0009
SUPER_9,10320001,10340000,10329988,15450,1252,19.1978,8.9099,0.366,0.1116,0.0805
SUPER_9,10340001,10360000,10349739,15217,1154,13.2818,10.1626,0.133,0.0347,0.0248
SUPER_9,10360001,10380000,10369732,15678,1160,10.5677,11.739,-0.0525,-0.0135,-0.0088
SUPER_9,10380001,10400000,10390123,14575,1211,13.6195,11.0902,0.1024,0.0316,0.0207
SUPER_9,10400001,10420000,10410222,15549,1134,10.304,10.5994,-0.0141,-0.005,-0.003
SUPER_9,10420001,10440000,10430016,16394,1376,23.1491,19.7274,0.0798,0.0322,0.0207
SUPER_9,10440001,10460000,10450209,16242,1427,20.069,16.0173,0.1123,0.0333,0.0217
SUPER_9,10460001,10480000,10470074,15966,1306,11.5531,11.1014,0.0199,0.0057,0.003
SUPER_9,10480001,10500000,10490117,16270,1412,21.7598,10.0515,0.3681,0.1165,0.071
SUPER_9,10500001,10520000,10509861,16263,1426,16.7578,9.4325,0.2797,0.0811,0.06
SUPER_9,10520001,10540000,10529946,16041,1345,12.197,14.0736,-0.0714,-0.0172,-0.0121
SUPER_9,10540001,10560000,10550373,16045,1033,17.2012,13.9166,0.1056,0.0359,0.0204
SUPER_9,10560001,10580000,10570124,16882,970,2.6496,6.0299,-0.3895,-0.0375,-0.0259
SUPER_9,10580001,10600000,10590012,17107,1073,11.4686,11.7268,-0.0111,-0.0019,-0.0014
SUPER_9,10600001,10620000,10610109,16410,1293,15.7032,6.3171,0.4262,0.0894,0.0631
SUPER_9,10620001,10640000,10630117,14997,1084,8.5241,12.0735,-0.1723,-0.0674,-0.0347
SUPER_9,10640001,10660000,10649241,14022,999,12.0028,9.4109,0.121,0.0466,0.0308
SUPER_9,10660001,10680000,10669892,15902,1435,19.7949,11.7331,0.2557,0.0816,0.0546
SUPER_9,10680001,10700000,10689865,15460,997,16.8189,19.2262,-0.0668,-0.0222,-0.0152
SUPER_9,10700001,10720000,10708013,12424,751,10.7113,7.7912,0.1578,0.0364,0.0226
SUPER_9,10720001,10740000,10729923,16243,1286,18.1733,7.8261,0.398,0.0932,0.0671
SUPER_9,10740001,10760000,10750554,14387,1058,5.6207,9.3091,-0.2471,-0.0557,-0.038
SUPER_9,10760001,10780000,10769712,16125,1265,6.1778,6.4996,-0.0254,-0.0041,-0.0025
SUPER_9,10780001,10800000,10789858,15887,1098,11.8927,7.9591,0.1981,0.0455,0.0291
SUPER_9,10800001,10820000,10810539,14814,885,8.7619,7.2613,0.0936,0.0248,0.0136
SUPER_9,10820001,10840000,10830277,15749,1092,6.1569,2.6067,0.4051,0.0472,0.0332
SUPER_9,10840001,10860000,10849916,16823,1478,12.164,10.4003,0.0782,0.0206,0.0127
SUPER_9,10860001,10880000,10870165,14947,1154,13.0566,11.5181,0.0626,0.0213,0.0141
SUPER_9,10880001,10900000,10890042,15929,1381,14.0146,13.7881,0.0081,0.0028,0.0017
SUPER_9,10900001,10920000,10909957,16428,1204,15.9028,13.8099,0.0704,0.0198,0.0122
SUPER_9,10920001,10940000,10928875,12950,1094,11.4702,17.0497,-0.1956,-0.0889,-0.0526
SUPER_9,10940001,10960000,10950867,14251,980,11.3931,7.9435,0.1784,0.054,0.0356
SUPER_9,10960001,10980000,10970025,16531,1098,13.201,13.7993,-0.0222,-0.0069,-0.0044
SUPER_9,10980001,11000000,10989946,16143,1056,12.6824,5.8747,0.3669,0.0846,0.0582
SUPER_9,11000001,11020000,11008483,11353,1007,13.0512,16.2011,-0.1077,-0.0673,-0.0417
SUPER_9,11020001,11040000,11029988,16936,1068,9.3285,11.0956,-0.0865,-0.021,-0.0138
SUPER_9,11040001,11060000,11050057,17195,790,12.484,2.9986,0.6126,0.1034,0.0744
SUPER_9,11060001,11080000,11069936,16280,991,28.4339,3.3276,0.7905,0.138,0.1181
SUPER_9,11080001,11100000,11089952,16848,823,15.5234,17.0706,-0.0475,-0.0159,-0.0096
SUPER_9,11100001,11120000,11110092,16957,1004,7.1584,8.7998,-0.1029,-0.0215,-0.0152
SUPER_9,11120001,11140000,11130183,16398,1160,5.8555,6.2453,-0.0322,-0.0063,-0.0041
SUPER_9,11140001,11160000,11150032,15415,956,6.3816,9.2136,-0.1816,-0.0627,-0.0324
SUPER_9,11160001,11180000,11170879,15357,632,4.2738,4.4068,-0.0153,-0.0027,-0.0016
SUPER_9,11180001,11200000,11189840,15920,829,8.2579,8.4834,-0.0135,-0.004,-0.0025
SUPER_9,11200001,11220000,11209893,16380,946,14.1929,7.3072,0.3203,0.0762,0.0579
SUPER_9,11220001,11240000,11230051,16227,1256,13.3598,21.4636,-0.2327,-0.0976,-0.0596
SUPER_9,11240001,11260000,11250104,16657,1239,11.9658,8.5259,0.1679,0.0407,0.0282
SUPER_9,11260001,11280000,11269997,17049,708,12.8339,5.1382,0.4282,0.0881,0.0655
SUPER_9,11280001,11300000,11290098,17350,944,5.2404,6.8196,-0.1309,-0.0339,-0.0184
SUPER_9,11300001,11320000,11310117,16707,934,20.3756,8.946,0.3898,0.133,0.0974
SUPER_9,11320001,11340000,11330118,16817,1100,14.8083,1.7905,0.7843,0.1925,0.1393
SUPER_9,11340001,11360000,11349803,16814,633,8.3,4.3697,0.3102,0.0635,0.0492
SUPER_9,11360001,11380000,11370018,16960,905,12.2397,8.3781,0.1873,0.0418,0.0277
SUPER_9,11380001,11400000,11390064,16696,1015,7.5501,7.7973,-0.0161,-0.0029,-0.0018
SUPER_9,11400001,11420000,11410110,16353,1057,12.8882,9.7339,0.1394,0.0341,0.0244
SUPER_9,11420001,11440000,11429993,16888,1047,9.9692,8.6069,0.0733,0.0167,0.0118
SUPER_9,11440001,11460000,11449949,17331,1055,13.7957,6.1794,0.3813,0.0913,0.066
SUPER_9,11460001,11480000,11470023,15601,1192,7.4303,6.8736,0.0389,0.0081,0.0059
SUPER_9,11480001,11500000,11490139,16351,1097,10.489,7.6096,0.1591,0.0411,0.0287
SUPER_9,11500001,11520000,11509859,15871,978,9.8862,13.6509,-0.1599,-0.0558,-0.0352
SUPER_9,11520001,11540000,11530160,16847,1079,14.1124,11.536,0.1005,0.0351,0.0241
SUPER_9,11540001,11560000,11550104,17181,742,9.9138,5.3282,0.3008,0.0543,0.0415
SUPER_9,11560001,11580000,11570018,16928,934,22.808,9.9743,0.3915,0.1396,0.0975
SUPER_9,11580001,11600000,11589828,17252,887,10.6999,5.7217,0.3031,0.0562,0.039
SUPER_9,11600001,11620000,11610022,16464,1037,10.7759,11.8602,-0.0479,-0.0132,-0.0086
SUPER_9,11620001,11640000,11630119,17160,1290,30.0659,12.7437,0.4046,0.1192,0.0895
SUPER_9,11640001,11660000,11650499,13847,957,13.3441,7.9174,0.2552,0.0625,0.0475
SUPER_9,11660001,11680000,11670276,14987,1178,7.5021,6.1446,0.0995,0.0212,0.0142
SUPER_9,11680001,11700000,11690177,14656,1399,14.8732,14.8443,0.001,0.0003,0.0002
SUPER_9,11700001,11720000,11709720,10730,862,7.4249,8.2313,-0.0515,-0.0171,-0.011
SUPER_9,11720001,11740000,11729885,15071,1333,14.5301,12.3714,0.0802,0.0196,0.0146
SUPER_9,11740001,11760000,11748937,13083,1179,7.2433,9.6941,-0.1447,-0.0363,-0.0235
SUPER_9,11760001,11780000,11770525,14693,1319,9.6677,8.1874,0.0829,0.0189,0.0132
SUPER_9,11780001,11800000,11790061,15253,1248,10.3654,8.9335,0.0742,0.0175,0.0113
SUPER_9,11800001,11820000,11807863,10900,1026,13.1329,10.1472,0.1283,0.0412,0.0305
SUPER_9,11820001,11840000,11830100,16568,1313,10.8723,9.3408,0.0758,0.0216,0.0147
SUPER_9,11840001,11860000,11849960,16585,1443,8.0622,11.2581,-0.1654,-0.0394,-0.0273
SUPER_9,11860001,11880000,11869671,15847,1473,30.2109,14.6102,0.3481,0.1215,0.0896
SUPER_9,11880001,11900000,11890031,15988,1276,16.1382,11.1585,0.1824,0.0534,0.0398
SUPER_9,11900001,11920000,11910105,15775,1045,4.2423,6.1328,-0.1822,-0.0197,-0.0143
SUPER_9,11920001,11940000,11930049,15925,1167,14.4472,15.9443,-0.0493,-0.0202,-0.0123
SUPER_9,11940001,11960000,11949776,15686,1111,13.0039,8.6633,0.2003,0.053,0.0387
SUPER_9,11960001,11980000,11969982,16346,1098,16.2598,15.2418,0.0323,0.0092,0.0067
SUPER_9,11980001,12000000,11989829,16049,1016,8.7387,7.4415,0.0802,0.017,0.0118
SUPER_9,12000001,12020000,12010394,15398,957,17.4103,21.8408,-0.1129,-0.0482,-0.0322
SUPER_9,12020001,12040000,12029731,16302,1003,4.0335,13.8944,-0.55,-0.165,-0.1032
SUPER_9,12040001,12060000,12049963,16631,937,11.1166,20.0381,-0.2864,-0.1073,-0.0625
SUPER_9,12060001,12080000,12069822,17230,967,6.1934,8.0787,-0.1321,-0.0205,-0.0133
SUPER_9,12080001,12100000,12090129,17242,1195,10.4291,10.4185,0.0005,0.0001,0.0001
SUPER_9,12100001,12120000,12110137,16968,924,9.3113,4.4916,0.3492,0.0536,0.0365
SUPER_9,12120001,12140000,12129735,15889,982,9.0,3.3975,0.4519,0.0576,0.0461
SUPER_9,12140001,12160000,12149819,16946,862,8.3943,11.5792,-0.1595,-0.0362,-0.0248
SUPER_9,12160001,12180000,12170088,16915,773,4.1758,2.2409,0.3015,0.0245,0.0185
SUPER_9,12180001,12200000,12190005,16766,922,13.4242,5.8865,0.3903,0.0647,0.0513
SUPER_9,12200001,12220000,12210056,16716,1041,4.912,9.478,-0.3173,-0.0578,-0.0391
SUPER_9,12220001,12240000,12230142,16985,742,8.7715,6.6102,0.1405,0.0261,0.0179
SUPER_9,12240001,12260000,12250552,14765,702,2.8756,6.8492,-0.4086,-0.0594,-0.0405
SUPER_9,12260001,12280000,12268699,13757,560,4.6319,3.3042,0.1673,0.0193,0.013
SUPER_9,12280001,12300000,12290284,16367,970,12.9346,5.8677,0.3759,0.0869,0.0657
SUPER_9,12300001,12320000,12309982,16971,1062,12.6408,6.6214,0.3125,0.0677,0.0469
SUPER_9,12320001,12340000,12330234,15915,1146,13.7556,7.1473,0.3161,0.0721,0.0499
SUPER_9,12340001,12360000,12349928,16266,977,8.722,5.2889,0.245,0.0595,0.0427
SUPER_9,12360001,12380000,12369994,18011,1257,5.8544,4.0249,0.1852,0.0323,0.0217
SUPER_9,12380001,12400000,12390478,15381,1050,14.1269,9.3626,0.2028,0.0627,0.0415
SUPER_9,12400001,12420000,12409721,16579,981,10.4906,7.4563,0.1691,0.054,0.0288
SUPER_9,12420001,12440000,12429777,16275,1350,9.5564,11.7985,-0.105,-0.0276,-0.0151
SUPER_9,12440001,12460000,12449755,16554,1075,8.9453,8.9772,-0.0018,-0.0005,-0.0003
SUPER_9,12460001,12480000,12470002,16861,1111,5.0742,6.4344,-0.1182,-0.0182,-0.0127
SUPER_9,12480001,12500000,12489784,16895,1018,6.7394,5.7583,0.0785,0.0145,0.0097
SUPER_9,12500001,12520000,12509763,16135,980,5.7747,3.917,0.1917,0.0283,0.0201
SUPER_9,12520001,12540000,12529735,15364,798,7.3651,6.2991,0.078,0.0174,0.0118
SUPER_9,12540001,12560000,12550223,15912,1110,11.4067,6.2673,0.2908,0.067,0.0491
SUPER_9,12560001,12580000,12570192,17729,866,9.9314,12.312,-0.107,-0.0276,-0.0191
SUPER_9,12580001,12600000,12589722,17043,1327,18.0875,13.5631,0.1429,0.0499,0.0354
SUPER_9,12600001,12620000,12610207,16292,1220,16.0762,17.3604,-0.0384,-0.011,-0.0072
SUPER_9,12620001,12640000,12630959,13578,958,10.6264,15.2411,-0.1784,-0.0636,-0.0393
SUPER_9,12640001,12660000,12650201,16600,1123,15.6117,10.4875,0.1963,0.0676,0.0451
SUPER_9,12660001,12680000,12670156,16568,1317,10.0358,9.1954,0.0437,0.0113,0.0071
SUPER_9,12680001,12700000,12690369,13296,995,9.1871,8.6855,0.0281,0.0104,0.007
SUPER_9,12700001,12720000,12711979,13066,850,6.9417,6.9967,-0.0039,-0.0009,-0.0006
SUPER_9,12720001,12740000,12730077,16592,1187,11.665,8.9616,0.1311,0.039,0.0269
SUPER_9,12740001,12760000,12749977,16711,1057,11.0684,15.9911,-0.1819,-0.0645,-0.0391
SUPER_9,12760001,12780000,12770060,16133,1320,24.5146,17.6342,0.1632,0.0585,0.0398
SUPER_9,12780001,12800000,12790023,17083,1434,15.1846,11.7928,0.1257,0.0405,0.0257
SUPER_9,12800001,12820000,12809992,16737,1300,16.4166,18.1473,-0.0501,-0.0167,-0.0113
SUPER_9,12820001,12840000,12829713,15868,1069,16.4745,16.3574,0.0036,0.0012,0.0007
SUPER_9,12840001,12860000,12850106,16206,1230,23.9278,21.2997,0.0581,0.0243,0.0159
SUPER_9,12860001,12880000,12869747,15072,1192,6.2477,12.6487,-0.3387,-0.0906,-0.0559
SUPER_9,12880001,12900000,12889795,15876,1061,10.2314,10.0851,0.0072,0.0021,0.0014
SUPER_9,12900001,12920000,12909769,17446,979,4.7387,16.2449,-0.5483,-0.1733,-0.1165
SUPER_9,12920001,12940000,12930349,15949,971,6.2116,8.9018,-0.178,-0.0379,-0.0258
SUPER_9,12940001,12960000,12950198,15737,912,7.8877,9.0274,-0.0674,-0.0121,-0.009
SUPER_9,12960001,12980000,12969906,16772,1376,11.0742,9.2027,0.0923,0.0224,0.0154
SUPER_9,12980001,13000000,12989992,16720,1320,18.3643,15.8418,0.0737,0.0295,0.0181
SUPER_9,13000001,13020000,13010097,16565,1013,11.6431,11.878,-0.01,-0.0028,-0.0018
SUPER_9,13020001,13040000,13030266,14854,988,13.6722,27.0355,-0.3283,-0.1507,-0.0941
SUPER_9,13040001,13060000,13049984,16395,1151,7.6036,10.1534,-0.1436,-0.031,-0.0211
SUPER_9,13060001,13080000,13070212,16626,1128,13.5995,10.236,0.1411,0.0447,0.0308
SUPER_9,13080001,13100000,13089963,15602,943,10.3632,23.8557,-0.3943,-0.1733,-0.0937
SUPER_9,13100001,13120000,13110066,16925,1174,10.353,11.6124,-0.0573,-0.0137,-0.0097
SUPER_9,13120001,13140000,13129948,16649,1450,15.2091,13.306,0.0667,0.0218,0.0147
SUPER_9,13140001,13160000,13149828,17005,1216,10.9925,9.8375,0.0555,0.0178,0.0115
SUPER_9,13160001,13180000,13169390,15762,1076,12.062,9.8701,0.0999,0.0344,0.0237
SUPER_9,13180001,13200000,13189907,15811,1320,16.4098,14.207,0.0719,0.0305,0.0155
SUPER_9,13200001,13220000,13210098,15948,1177,10.5417,13.7846,-0.1333,-0.0388,-0.0262
SUPER_9,13220001,13240000,13230055,15466,1113,10.3578,13.0188,-0.1138,-0.0361,-0.0229
SUPER_9,13240001,13260000,13250301,14017,957,6.4442,5.3631,0.0916,0.0226,0.0144
SUPER_9,13260001,13280000,13269985,16916,997,7.0953,3.3281,0.3614,0.052,0.0368
SUPER_9,13280001,13300000,13289908,16095,1407,16.3239,16.6492,-0.0099,-0.0034,-0.0022
SUPER_9,13300001,13320000,13309956,16127,1377,17.6545,18.7863,-0.0311,-0.0127,-0.0082
SUPER_9,13320001,13340000,13330092,16566,1024,15.8471,11.4937,0.1592,0.0533,0.0396
SUPER_9,13340001,13360000,13349795,15891,1075,10.7336,9.6931,0.0509,0.0142,0.0095
SUPER_9,13360001,13380000,13370024,17085,1190,13.2883,10.393,0.1223,0.0427,0.0269
SUPER_9,13380001,13400000,13390083,17485,1099,10.5371,11.2686,-0.0335,-0.0126,-0.0081
SUPER_9,13400001,13420000,13410174,16486,1099,11.0669,6.1006,0.2893,0.0906,0.0643
SUPER_9,13420001,13440000,13430099,16259,1206,8.6507,7.6999,0.0582,0.0115,0.0081
SUPER_9,13440001,13460000,13450023,16840,1222,12.1452,9.0133,0.148,0.0351,0.0248
SUPER_9,13460001,13480000,13469806,16269,1111,9.917,6.6028,0.2006,0.0523,0.0352
SUPER_9,13480001,13500000,13490084,17083,1182,14.0595,6.7547,0.351,0.0968,0.0645
SUPER_9,13500001,13520000,13509824,16158,1134,9.5897,11.793,-0.103,-0.0312,-0.0195
SUPER_9,13520001,13540000,13530003,17524,1097,10.1138,7.8762,0.1244,0.0326,0.0226
SUPER_9,13540001,13560000,13550045,16685,1126,15.246,13.8564,0.0477,0.0126,0.0096
SUPER_9,13560001,13580000,13569792,15914,785,5.8887,5.0763,0.0741,0.0178,0.0111
SUPER_9,13580001,13600000,13590034,15200,911,6.4524,5.4311,0.0859,0.0185,0.0117
SUPER_9,13600001,13620000,13610410,16604,747,5.386,4.0657,0.1397,0.0185,0.0133
SUPER_9,13620001,13640000,13629760,16544,848,7.2397,5.0601,0.1772,0.0408,0.0287
SUPER_9,13640001,13660000,13649844,16525,1063,5.3656,8.8206,-0.2435,-0.0476,-0.034
SUPER_9,13660001,13680000,13669426,15803,981,9.7111,4.243,0.3919,0.0805,0.058
SUPER_9,13680001,13700000,13691275,14738,885,6.4972,3.0623,0.3593,0.0641,0.044
SUPER_9,13700001,13720000,13710020,16114,836,6.7956,5.0625,0.1462,0.0293,0.0204
SUPER_9,13720001,13740000,13730114,16693,899,7.0596,12.2228,-0.2678,-0.0696,-0.0455
SUPER_9,13740001,13760000,13750122,16925,1158,4.507,5.3961,-0.0898,-0.0137,-0.0098
SUPER_9,13760001,13780000,13770113,16338,1057,9.7213,8.6032,0.061,0.0194,0.012
SUPER_9,13780001,13800000,13789542,16547,1138,6.5427,7.6494,-0.078,-0.0147,-0.0107
SUPER_9,13800001,13820000,13809880,15889,967,12.9152,6.1406,0.3555,0.1121,0.073
SUPER_9,13820001,13840000,13830163,15935,1081,7.841,5.9264,0.1391,0.0227,0.017
SUPER_9,13840001,13860000,13850244,16074,1173,10.2123,7.3131,0.1654,0.0433,0.0302
SUPER_9,13860001,13880000,13869720,16950,830,3.6334,6.3755,-0.274,-0.0396,-0.029
SUPER_9,13880001,13900000,13890124,16670,1244,9.5363,6.2054,0.2116,0.044,0.0324
SUPER_9,13900001,13920000,13910006,16308,1179,7.7234,15.6976,-0.3405,-0.1235,-0.0715
SUPER_9,13920001,13940000,13929637,17311,906,16.6049,12.9132,0.1251,0.027,0.02
SUPER_9,13940001,13960000,13949715,16358,968,10.7898,9.2673,0.0759,0.0185,0.0125
SUPER_9,13960001,13980000,13969793,15948,927,13.3515,7.2376,0.297,0.0828,0.0531
SUPER_9,13980001,14000000,13990065,16299,1171,8.96,7.3954,0.0957,0.0188,0.0141
SUPER_9,14000001,14020000,14010658,14727,1153,8.1803,10.5178,-0.125,-0.0318,-0.0205
SUPER_9,14020001,14040000,14030297,15663,946,5.3054,4.3415,0.0999,0.0202,0.0147
SUPER_9,14040001,14060000,14049925,15489,1161,9.2336,8.1259,0.0638,0.0162,0.0116
SUPER_9,14060001,14080000,14069815,15613,819,11.1815,8.1649,0.1559,0.0342,0.0245
SUPER_9,14080001,14100000,14090099,17088,1169,13.6515,12.3304,0.0508,0.0128,0.0097
SUPER_9,14100001,14120000,14109764,16385,995,11.3556,8.5847,0.139,0.0404,0.0265
SUPER_9,14120001,14140000,14129667,15489,1124,7.9291,9.7553,-0.1033,-0.027,-0.0155
SUPER_9,14140001,14160000,14150105,17106,1156,14.8071,10.1577,0.1862,0.0535,0.0336
SUPER_9,14160001,14180000,14170105,16749,1097,4.7333,6.5383,-0.1601,-0.0288,-0.0186
SUPER_9,14180001,14200000,14190039,16889,844,4.108,3.9567,0.0188,0.0024,0.0013
SUPER_9,14200001,14220000,14209605,15793,779,5.665,3.3813,0.2524,0.0419,0.0258
SUPER_9,14220001,14240000,14231316,13759,729,3.1612,3.7812,-0.0893,-0.0113,-0.0066
SUPER_9,14240001,14260000,14249942,16952,869,7.4776,8.5259,-0.0655,-0.0116,-0.0084
SUPER_9,14260001,14280000,14269880,17162,1002,9.9125,11.2939,-0.0651,-0.0185,-0.012
SUPER_9,14280001,14300000,14290109,17092,924,6.4381,14.6001,-0.388,-0.1197,-0.0773
SUPER_9,14300001,14320000,14309932,17308,930,3.3684,3.6585,-0.0413,-0.0053,-0.0038
SUPER_9,14320001,14340000,14330081,17155,965,7.2251,3.6128,0.3333,0.0504,0.0323
SUPER_9,14340001,14360000,14350161,16935,915,11.3797,3.8986,0.4897,0.0935,0.0639
SUPER_9,14360001,14380000,14369947,17023,772,10.4825,4.2037,0.4275,0.0932,0.0613
SUPER_9,14380001,14400000,14389968,17477,851,7.557,12.615,-0.2507,-0.0733,-0.0412
SUPER_9,14400001,14420000,14410137,17237,764,7.9675,5.1279,0.2168,0.045,0.031
SUPER_9,14420001,14440000,14429996,17573,813,7.7148,4.1436,0.3012,0.0448,0.0318
SUPER_9,14440001,14460000,14450071,17099,912,5.2667,5.175,0.0088,0.0014,0.0009
SUPER_9,14460001,14480000,14470069,17176,877,9.3899,3.3097,0.4788,0.0831,0.0608
SUPER_9,14480001,14500000,14490291,17455,791,5.2098,3.5406,0.1908,0.0312,0.0221
SUPER_9,14500001,14520000,14509824,17460,729,3.4041,2.1482,0.2262,0.0215,0.0155
SUPER_9,14520001,14540000,14530039,18007,1018,4.7016,4.3954,0.0337,0.0045,0.0034
SUPER_9,14540001,14560000,14548953,12724,574,6.7684,10.4004,-0.2115,-0.0573,-0.0377
SUPER_9,14560001,14580000,14569914,17438,875,4.9661,3.4903,0.1745,0.0285,0.0205
SUPER_9,14580001,14600000,14590131,17838,727,3.2244,4.3091,-0.144,-0.0249,-0.0166
SUPER_9,14600001,14620000,14609878,17960,966,7.0866,6.8443,0.0174,0.0031,0.0024
SUPER_9,14620001,14640000,14628328,13908,978,4.9866,4.0202,0.1073,0.017,0.0111
SUPER_9,14640001,14660000,14649946,16267,1176,13.5588,9.5085,0.1756,0.0484,0.0333
SUPER_9,14660001,14680000,14669872,16738,1212,12.0192,7.4166,0.2368,0.0398,0.0302
SUPER_9,14680001,14700000,14690034,16533,1175,16.228,8.9651,0.2883,0.0805,0.0549
SUPER_9,14700001,14720000,14710106,16967,1127,14.3384,13.0153,0.0484,0.0148,0.0093
SUPER_9,14720001,14740000,14730211,17023,1079,15.707,9.4436,0.249,0.0795,0.0539
SUPER_9,14740001,14760000,14750095,17238,774,9.31,5.7923,0.2329,0.0474,0.0298
SUPER_9,14760001,14780000,14769659,17035,827,8.2899,9.9544,-0.0912,-0.0259,-0.0171
SUPER_9,14780001,14800000,14790039,16881,781,5.8775,9.4472,-0.2329,-0.0555,-0.0378
SUPER_9,14800001,14820000,14809927,17443,951,4.9751,4.0657,0.1006,0.0181,0.0117
SUPER_9,14820001,14840000,14829889,17136,940,5.1547,5.9388,-0.0707,-0.0149,-0.0089
SUPER_9,14840001,14860000,14850045,17573,818,7.1463,9.3787,-0.1351,-0.0454,-0.03
SUPER_9,14860001,14880000,14870060,16442,883,6.6197,7.335,-0.0513,-0.0119,-0.0075
SUPER_9,14880001,14900000,14890098,16766,1120,13.7298,5.1864,0.4516,0.1195,0.0869
SUPER_9,14900001,14920000,14910043,16760,858,9.7036,9.5418,0.0084,0.0022,0.0013
SUPER_9,14920001,14940000,14929882,16640,894,10.702,9.9457,0.0366,0.0086,0.0051
SUPER_9,14940001,14960000,14949917,15255,751,10.8394,12.4592,-0.0695,-0.0215,-0.0137
SUPER_9,14960001,14980000,14970141,16380,1212,12.7756,11.2164,0.065,0.0177,0.0123
SUPER_9,14980001,15000000,14989710,16797,969,14.3883,7.0197,0.3442,0.0902,0.0639
SUPER_9,15000001,15020000,15010232,16412,1022,12.568,13.9471,-0.052,-0.0158,-0.0114
SUPER_9,15020001,15040000,15030434,16730,1177,13.9079,12.4599,0.0549,0.017,0.0117
SUPER_9,15040001,15060000,15050019,17166,1018,9.1573,12.8,-0.1659,-0.0398,-0.0254
SUPER_9,15060001,15080000,15069977,17353,860,5.0638,7.1228,-0.169,-0.0233,-0.0179
SUPER_9,15080001,15100000,15090404,13802,911,9.4283,10.7328,-0.0647,-0.0289,-0.0154
SUPER_9,15100001,15120000,15109902,15895,1174,9.0684,7.8981,0.069,0.0134,0.0088
SUPER_9,15120001,15140000,15130018,16825,771,3.2707,8.9237,-0.4636,-0.0896,-0.0606
SUPER_9,15140001,15160000,15150166,15363,776,2.5104,2.9146,-0.0745,-0.0064,-0.0048
SUPER_9,15160001,15180000,15170171,16753,1003,6.1714,6.0095,0.0133,0.0015,0.0012
SUPER_9,15180001,15200000,15189986,17324,672,9.1162,7.7035,0.084,0.0145,0.0111
SUPER_9,15200001,15220000,15210300,14131,695,4.2951,2.4831,0.2673,0.0314,0.0224
SUPER_9,15220001,15240000,15230135,16478,991,7.9108,8.2109,-0.0186,-0.0039,-0.0026
SUPER_9,15240001,15260000,15250019,16416,854,5.2016,7.6237,-0.1889,-0.0406,-0.0287
SUPER_9,15260001,15280000,15270786,13654,743,7.4312,6.4851,0.068,0.0166,0.0113
SUPER_9,15280001,15300000,15290048,17121,1139,16.9878,20.025,-0.0821,-0.0433,-0.022
SUPER_9,15300001,15320000,15309939,16394,902,9.2341,5.0292,0.2948,0.0536,0.0352
SUPER_9,15320001,15340000,15330130,16590,1026,15.1087,12.5363,0.0931,0.0315,0.0198
SUPER_9,15340001,15360000,15350026,16655,990,6.309,7.64,-0.0954,-0.014,-0.0087
SUPER_9,15360001,15380000,15369913,16796,1079,8.5223,6.1592,0.161,0.0259,0.0161
SUPER_9,15380001,15400000,15389802,17054,1202,7.5998,10.356,-0.1535,-0.0354,-0.024
SUPER_9,15400001,15420000,15409919,16580,1130,6.2556,6.3482,-0.0074,-0.0012,-0.0009
SUPER_9,15420001,15440000,15430084,16776,1142,11.1643,10.9788,0.0084,0.0021,0.0014
SUPER_9,15440001,15460000,15449772,14106,882,8.7093,6.7064,0.1299,0.0245,0.0191
SUPER_9,15460001,15480000,15470045,16753,1077,9.654,7.8939,0.1003,0.0157,0.0115
SUPER_9,15480001,15500000,15490168,16375,984,6.1815,5.9663,0.0177,0.0028,0.0018
SUPER_9,15500001,15520000,15509218,14857,863,8.691,7.3955,0.0805,0.0171,0.0113
SUPER_9,15520001,15540000,15529619,16249,1067,18.2303,10.1081,0.2866,0.0994,0.0691
SUPER_9,15540001,15560000,15550085,17254,1061,5.79,11.7005,-0.3379,-0.0453,-0.0345
SUPER_9,15560001,15580000,15570039,17203,813,6.2557,10.6174,-0.2585,-0.0447,-0.0321
SUPER_9,15580001,15600000,15589991,17061,914,9.0503,6.2524,0.1828,0.0288,0.0208
SUPER_9,15600001,15620000,15610161,17518,967,18.5724,7.068,0.4487,0.1261,0.0866
SUPER_9,15620001,15640000,15630006,17076,928,7.4276,12.0536,-0.2375,-0.0565,-0.0349
SUPER_9,15640001,15660000,15649945,16888,1058,11.9259,6.5744,0.2893,0.0513,0.0369
SUPER_9,15660001,15680000,15669792,17101,897,4.8276,9.817,-0.3407,-0.0748,-0.0491
SUPER_9,15680001,15700000,15690112,17156,737,5.6686,2.9936,0.3088,0.0475,0.031
SUPER_9,15700001,15720000,15710267,16304,1109,16.5117,14.6917,0.0583,0.0185,0.0124
SUPER_9,15720001,15740000,15729978,15662,937,10.5625,7.9569,0.1407,0.0362,0.0247
SUPER_9,15740001,15760000,15749975,16345,1095,14.5028,12.5169,0.0735,0.0256,0.0177
SUPER_9,15760001,15780000,15770074,16595,907,8.2951,9.4542,-0.0653,-0.0192,-0.0108
SUPER_9,15780001,15800000,15789604,16172,955,10.0478,11.418,-0.0638,-0.0201,-0.0118
SUPER_9,15800001,15820000,15809988,15569,906,16.2913,10.1213,0.2336,0.0736,0.0531
SUPER_9,15820001,15840000,15830174,16592,874,7.0527,10.1396,-0.1795,-0.0417,-0.0279
SUPER_9,15840001,15860000,15849679,16932,1201,9.6947,11.485,-0.0845,-0.0205,-0.0129
SUPER_9,15860001,15880000,15870548,15268,1216,10.7048,12.4005,-0.0734,-0.0219,-0.0139
SUPER_9,15880001,15900000,15889538,15544,1259,15.3062,12.1025,0.1169,0.043,0.0289
SUPER_9,15900001,15920000,15910067,15653,1302,23.3908,13.9202,0.2538,0.0992,0.0696
SUPER_9,15920001,15940000,15929719,16254,1405,11.4822,15.8006,-0.1583,-0.0458,-0.0308
SUPER_9,15940001,15960000,15949953,15857,1472,8.1193,8.8271,-0.0418,-0.0078,-0.0058
SUPER_9,15960001,15980000,15970202,15642,1109,8.6881,8.0202,0.04,0.0096,0.0069
SUPER_9,15980001,16000000,15989997,15712,1156,7.98,7.8077,0.0109,0.0027,0.0018
SUPER_9,16000001,16020000,16009994,16075,1396,10.7538,9.96,0.0383,0.0079,0.0062
SUPER_9,16020001,16040000,16029539,13326,1251,16.0965,12.5686,0.1231,0.0414,0.0294
SUPER_9,16040001,16060000,16051322,14126,1198,8.3567,12.9547,-0.2158,-0.0566,-0.0381
SUPER_9,16060001,16080000,16069637,15055,1369,7.1339,9.4778,-0.1411,-0.0284,-0.0189
SUPER_9,16080001,16100000,16090125,14672,1261,12.9052,11.4504,0.0597,0.0205,0.0144
SUPER_9,16100001,16120000,16108730,12146,1069,5.2929,6.9857,-0.1379,-0.0317,-0.0211
SUPER_9,16120001,16140000,16128853,13553,1004,11.2334,8.5043,0.1383,0.0353,0.0245
SUPER_9,16140001,16160000,16149973,15564,1295,17.6326,12.0595,0.1877,0.0536,0.0389
SUPER_9,16160001,16180000,16170224,16067,977,13.4775,7.5064,0.2846,0.0673,0.0445
SUPER_9,16180001,16200000,16190202,15884,845,7.8271,3.6246,0.367,0.0611,0.0455
SUPER_9,16200001,16220000,16210150,17223,989,6.7111,7.4499,-0.0522,-0.012,-0.0077
SUPER_9,16220001,16240000,16230023,17533,933,14.1444,16.0701,-0.0637,-0.0207,-0.0143
SUPER_9,16240001,16260000,16242459,4083,198,1.1823,1.4212,-0.0918,-0.0155,-0.0108
SUPER_9,16260001,16280000,16271691,14478,513,4.678,1.302,0.5646,0.0806,0.0499
SUPER_9,16280001,16300000,16289793,17348,923,8.2285,5.4121,0.2065,0.0439,0.0301
SUPER_9,16300001,16320000,16309681,14893,882,7.3436,8.8533,-0.0932,-0.0265,-0.0155
SUPER_9,16320001,16340000,16331441,13233,699,3.9999,3.5856,0.0546,0.008,0.0058
SUPER_9,16340001,16360000,16348617,14133,1035,20.128,10.9047,0.2972,0.0902,0.0644
SUPER_9,16360001,16380000,16369968,16491,1098,16.0433,16.9625,-0.0278,-0.0094,-0.0064
SUPER_9,16380001,16400000,16389948,17162,1314,26.1425,20.3848,0.1237,0.0536,0.0348
SUPER_9,16400001,16420000,16410181,16597,1106,15.3849,8.5562,0.2852,0.0762,0.0526
SUPER_9,16420001,16440000,16429576,15886,890,16.5924,7.7122,0.3654,0.0989,0.065
SUPER_9,16440001,16460000,16450384,16197,799,8.2528,4.2625,0.3188,0.0437,0.0335
SUPER_9,16460001,16480000,16470242,15787,985,9.903,7.3703,0.1466,0.039,0.0244
SUPER_9,16480001,16500000,16490475,14855,834,7.7597,6.2737,0.1059,0.0303,0.0193
SUPER_9,16500001,16520000,16509945,16993,873,14.2383,13.1362,0.0403,0.0111,0.0079
SUPER_9,16520001,16540000,16529789,11665,520,5.2633,4.4073,0.0885,0.0172,0.0122
SUPER_9,16540001,16560000,16550135,16995,725,7.5137,3.5145,0.3626,0.0637,0.0452
SUPER_9,16560001,16580000,16569854,17154,662,3.4078,6.4612,-0.3094,-0.0483,-0.0331
SUPER_9,16580001,16600000,16590029,16802,853,4.2416,10.0955,-0.4083,-0.0547,-0.0391
SUPER_9,16600001,16620000,16610090,16435,619,2.7257,9.1312,-0.5402,-0.0564,-0.0397
SUPER_9,16620001,16640000,16629975,17071,819,9.5245,11.2488,-0.083,-0.0193,-0.0146
SUPER_9,16640001,16660000,16650015,17541,963,3.1709,16.8557,-0.6833,-0.1472,-0.0896
SUPER_9,16660001,16680000,16670006,17427,961,9.4171,11.4167,-0.096,-0.0162,-0.0106
SUPER_9,16680001,16700000,16689976,16874,907,14.8188,14.746,0.0025,0.0007,0.0005
SUPER_9,16700001,16720000,16709838,17442,792,23.3847,10.7374,0.3706,0.1302,0.0774
SUPER_9,16720001,16740000,16730301,16609,924,15.3564,3.4651,0.6318,0.1004,0.0716
SUPER_9,16740001,16760000,16749954,16970,857,46.5184,8.3438,0.6958,0.218,0.1613
SUPER_9,16760001,16780000,16770122,17457,979,63.6744,5.9279,0.8297,0.3015,0.2472
SUPER_9,16780001,16800000,16789971,17353,804,10.8387,10.3317,0.0239,0.0044,0.0032
SUPER_9,16800001,16820000,16809887,17426,927,23.302,6.4237,0.5678,0.1214,0.0922
SUPER_9,16820001,16840000,16829146,15680,756,32.4902,2.2975,0.8679,0.2612,0.2118
SUPER_9,16840001,16860000,16850127,17200,929,21.0212,14.1427,0.1956,0.059,0.0445
SUPER_9,16860001,16880000,16869965,17619,945,17.9172,5.2284,0.5482,0.1256,0.1022
SUPER_9,16880001,16900000,16888753,15029,767,15.5594,5.5542,0.4739,0.0674,0.0541
SUPER_9,16900001,16920000,16909955,16851,720,14.6312,2.6648,0.6919,0.0834,0.0632
SUPER_9,16920001,16940000,16929951,17075,827,23.8187,6.7095,0.5604,0.169,0.128
SUPER_9,16940001,16960000,16950021,17502,948,35.0283,4.9372,0.7529,0.1262,0.1102
SUPER_9,16960001,16980000,16969948,16317,847,37.516,1.9962,0.899,0.2762,0.2196
SUPER_9,16980001,17000000,16989997,17179,954,30.7119,8.316,0.5738,0.1873,0.1248
SUPER_9,17000001,17020000,17009967,16803,1028,15.4036,13.2291,0.0759,0.0245,0.0181
SUPER_9,17020001,17040000,17029982,17079,853,93.4885,4.4556,0.909,0.4398,0.3645
SUPER_9,17040001,17060000,17048888,14492,659,115.8823,11.7427,0.816,0.5283,0.4296
SUPER_9,17060001,17080000,17070200,17132,833,34.3067,2.6325,0.8575,0.3254,0.2309
SUPER_9,17080001,17100000,17090148,16686,775,15.7757,1.7871,0.7965,0.1041,0.0784
SUPER_9,17100001,17120000,17110090,16932,853,40.3965,2.0073,0.9053,0.2421,0.1964
SUPER_9,17120001,17140000,17128714,14546,711,85.0062,3.1249,0.9291,0.3823,0.3362
SUPER_9,17140001,17160000,17148207,10536,457,4.6356,32.7486,-0.752,-0.3663,-0.1917
SUPER_9,17160001,17180000,17170856,15922,811,63.9845,22.8211,0.4742,0.1452,0.1095
SUPER_9,17180001,17200000,17190101,14968,626,23.2333,6.4361,0.5661,0.0909,0.0632
SUPER_9,17200001,17220000,17208727,14577,738,3.6306,0.5042,0.7561,0.0248,0.0204
SUPER_9,17220001,17240000,17230054,17452,921,22.4896,52.5562,-0.4006,-0.1701,-0.1032
SUPER_9,17240001,17260000,17250067,17818,950,26.9181,3.866,0.7488,0.0846,0.0759
SUPER_9,17260001,17280000,17269991,17119,831,20.6118,0.6014,0.9433,0.1388,0.1237
SUPER_9,17280001,17300000,17290184,17462,1077,213.4128,1.7444,0.9838,0.4367,0.4061
SUPER_9,17300001,17320000,17309887,16891,668,96.596,0.1903,0.9961,0.4866,0.4418
SUPER_9,17320001,17340000,17327898,13813,531,24.4722,0.0278,0.9977,0.1674,0.1408
SUPER_9,17340001,17360000,17349980,16982,686,1.9306,0.9167,0.3561,0.0045,0.0038
SUPER_9,17360001,17380000,17369972,16879,655,4.5944,0.9722,0.6507,0.0192,0.0165
SUPER_9,17380001,17400000,17389977,16944,670,18.4514,2.7583,0.7399,0.0744,0.06
SUPER_9,17400001,17420000,17410026,17390,870,27.7861,1.4715,0.8994,0.1275,0.1006
SUPER_9,17420001,17440000,17429135,14140,601,109.4767,0.0833,0.9985,0.6287,0.5575
SUPER_9,17440001,17460000,17450562,16901,773,136.2162,0.5231,0.9923,0.5051,0.4448
SUPER_9,17460001,17480000,17470125,17104,791,114.3264,1.6764,0.9711,0.3787,0.3474
SUPER_9,17480001,17500000,17489948,16881,734,102.1594,2.6476,0.9495,0.3473,0.3129
SUPER_9,17500001,17520000,17510040,17690,800,15.9806,1.7312,0.8045,0.0476,0.0419
SUPER_9,17520001,17540000,17529987,17814,744,2.1142,1.166,0.2891,0.0059,0.005
SUPER_9,17540001,17560000,17548957,15213,638,1.44,0.1528,0.8082,0.0213,0.0156
SUPER_9,17560001,17580000,17572572,12100,438,2.4167,1.3167,0.2946,0.0388,0.0251
SUPER_9,17580001,17600000,17589063,13629,643,29.875,30.3889,-0.0085,-0.0029,-0.0023
SUPER_9,17600001,17620000,17609957,17419,719,13.9917,1.2167,0.84,0.0883,0.0544
SUPER_9,17620001,17640000,17627878,13456,520,7.875,3.4979,0.3849,0.0353,0.0264
SUPER_9,17640001,17660000,17656867,5027,226,1.4222,6.9747,-0.6612,-0.1462,-0.0709
SUPER_9,17660001,17680000,17669857,16279,804,7.5356,22.7194,-0.5019,-0.0891,-0.0503
SUPER_9,17680001,17700000,17689885,12519,650,15.2021,39.4581,-0.4438,-0.2185,-0.0961
SUPER_9,17700001,17720000,17710058,17529,743,53.6737,13.289,0.6031,0.2133,0.1624
SUPER_9,17720001,17740000,17729931,17021,842,63.2181,8.5833,0.7609,0.1837,0.1553
SUPER_9,17740001,17760000,17750154,17494,814,113.0833,0.1736,0.9969,0.3765,0.3361
SUPER_9,17760001,17780000,17761541,2120,42,9.75,0.0,1.0,0.6037,0.5196
SUPER_9,17780001,17800000,nan,0,nan,nan,nan,nan,nan,nan
SUPER_9,17800001,17820000,17813719,667,25,0.2211,0.4517,-0.3427,-0.1539,-0.0932
SUPER_9,17820001,17840000,17822571,388,nan,nan,nan,nan,nan,nan
SUPER_9,17840001,17860000,17845547,2522,56,0.0,0.0,nan,0.0,0.0
SUPER_9,17860001,17880000,17877471,1351,48,0.2083,0.0417,0.6667,0.0295,0.0183
SUPER_9,17880001,17900000,17892689,158,nan,nan,nan,nan,nan,nan
SUPER_9,17900001,17920000,17904448,135,1,nan,nan,nan,nan,nan
